no,ranking,book_name,author_name,publisher,pub_year,isbn13,addition_symbol,vol,class_no,class_nm,loan_count,cover_url,detail_url
1,1,소년이 온다 :한강 장편소설 ,지은이: 한강,창비,2014,9788936434120,03810,,813.62,문학 > 한국문학 > 소설,91604,http://image.aladin.co.kr/product/4086/97/cover/8936434128_2.jpg,https://data4library.kr/bookV?seq=2037399
2,2,작별하지 않는다 :한강 장편소설 ,지은이: 한강,문학동네,2021,9788954682152,03810,,813.62,문학 > 한국문학 > 소설,71199,https://image.aladin.co.kr/product/27877/5/cover/8954682154_1.jpg,https://data4library.kr/bookV?seq=6086446
3,3,불편한 편의점 :김호연 장편소설 ,지은이: 김호연,나무옆의자,2021,9791161571188,03810,,813.7,문학 > 한국문학 > 소설,60371,https://image.aladin.co.kr/product/26942/84/cover/k582730818_1.jpg,https://data4library.kr/bookV?seq=5962217
4,4,모순 :양귀자 장편소설 ,지은이: 양귀자,쓰다,2013,9788998441012,03810,,813.62,문학 > 한국문학 > 소설,52306,https://bookthumb-phinf.pstatic.net/cover/071/902/07190270.jpg?type=m1&udate=20170801,https://data4library.kr/bookV?seq=1938053
5,5,흔한남매,원작: 흔한남매 ;그림: 유난희,미래엔,2019,9791168418011,77810,16,810,문학 > 한국문학 > 한국문학,48476,https://image.aladin.co.kr/product/33815/12/cover200/k832930683_1.jpg,https://data4library.kr/bookV?seq=6863020
6,6,흔한남매,원작: 흔한남매 ;그림: 유난희,미래엔,2019,9791168416369,77810,14,810,문학 > 한국문학 > 한국문학,48470,https://image.aladin.co.kr/product/32459/74/cover/k622935200_1.jpg,https://data4library.kr/bookV?seq=6759968
7,7,흔한남매,원작: 흔한남매 ;그림: 유난희,미래엔,2019,9791168417199,77810,15,810,문학 > 한국문학 > 한국문학,48421,https://image.aladin.co.kr/product/32991/71/cover/k502936654_1.jpg,https://data4library.kr/bookV?seq=6802275
8,8,흔한남매,원작: 흔한남매 ;그림: 유난희,미래엔,2019,9791168415232,77810,13,810,문학 > 한국문학 > 한국문학,47771,https://image.aladin.co.kr/product/31527/55/cover/k812832343_1.jpg,https://data4library.kr/bookV?seq=6679569
9,9,홍학의 자리 :정해연 장편소설 ,지은이: 정해연,문학동네,2021,9788954681155,03810,,813.7,문학 > 한국문학 > 소설,47492,https://image.aladin.co.kr/product/27587/94/cover/8954681158_1.jpg,https://data4library.kr/bookV?seq=6050062
10,10,흔한남매,원작: 흔한남매 ;그림: 유난희,미래엔,2019,9791168411685,77810,10,810,문학 > 한국문학 > 한국문학,47178,https://image.aladin.co.kr/product/29286/99/cover/k082837005_1.jpg,https://data4library.kr/bookV?seq=6447451
11,11,흔한남매,원작: 흔한남매 ;그림: 유난희,미래엔,2019,9791164138197,77810,8,810,문학 > 한국문학 > 한국문학,46984,https://image.aladin.co.kr/product/27456/81/cover/k752733475_1.jpg,https://data4library.kr/bookV?seq=6041427
12,12,흔한남매,원작: 흔한남매 ;그림: 유난희,미래엔,2019,9791168418844,77810,17,810,문학 > 한국문학 > 한국문학,46795,https://image.aladin.co.kr/product/34618/90/cover200/k522933982_1.jpg,https://data4library.kr/bookV?seq=6945239
13,13,흔한남매,원작: 흔한남매 ;그림: 유난희,미래엔,2019,9791168412477,77810,11,810,문학 > 한국문학 > 한국문학,46765,https://image.aladin.co.kr/product/29832/74/cover/k652838723_1.jpg,https://data4library.kr/bookV?seq=6525944
14,14,채식주의자 :한강 장편소설 ,지은이: 한강,창비,2022,9788936434595,03810,,813.62,문학 > 한국문학 > 소설,46705,https://image.aladin.co.kr/product/29137/2/cover/8936434594_1.jpg,https://data4library.kr/bookV?seq=6428779
15,15,흔한남매,원작: 흔한남매 ;그림: 유난희,미래엔,2019,9791168414471,77810,12,810,문학 > 한국문학 > 한국문학,46379,https://image.aladin.co.kr/product/30518/41/cover/k422830492_1.jpg,https://data4library.kr/bookV?seq=6594703
16,16,흔한남매,원작: 흔한남매 ;그림: 유난희,미래엔,2019,9791164135592,77810,5,810,문학 > 한국문학 > 한국문학,46265,https://image.aladin.co.kr/product/24307/73/cover/k822630592_2.jpg,https://data4library.kr/bookV?seq=5686627
17,17,혼모노 :성해나 소설집 ,지은이: 성해나,창비,2025,9788936439743,03810,,813.7,문학 > 한국문학 > 소설,46110,https://image.aladin.co.kr/product/36101/66/cover200/893643974x_1.jpg,https://data4library.kr/bookV?seq=7035395
18,18,흔한남매,원작: 흔한남매 ;그림: 유난희,미래엔,2019,9791164134267,77810,3,810,문학 > 한국문학 > 한국문학,45966,https://image.aladin.co.kr/product/22327/46/cover/k782636924_1.jpg,https://data4library.kr/bookV?seq=5569013
19,19,흔한남매,원작: 흔한남매 ;그림: 유난희,미래엔,2019,9791164139897,77810,9,810,문학 > 한국문학 > 한국문학,45559,https://image.aladin.co.kr/product/28395/15/cover/k962835911_1.jpg,https://data4library.kr/bookV?seq=6350914
20,20,이중 하나는 거짓말 :김애란 장편소설 ,지은이: 김애란,문학동네,2024,9791141601300,03810,,813.7,문학 > 한국문학 > 소설,45515,https://image.aladin.co.kr/product/34474/76/cover200/k292932634_1.jpg,https://data4library.kr/bookV?seq=6933234
21,21,흔한남매,원작: 흔한남매 ;그림: 유난희,미래엔,2019,9791164134847,77810,4,810,문학 > 한국문학 > 한국문학,45025,https://image.aladin.co.kr/product/23568/96/cover/k992638123_1.jpg,https://data4library.kr/bookV?seq=5635121
22,22,흔한남매,원작: 흔한남매 ;그림: 유난희,미래엔,2019,9791164137527,77810,7,810,문학 > 한국문학 > 한국문학,44815,https://image.aladin.co.kr/product/26556/36/cover/k602738939_1.jpg,https://data4library.kr/bookV?seq=5929100
23,23,흔한남매,원작: 흔한남매 ;그림: 유난희,미래엔,2019,9791164131686,77810,1,810,문학 > 한국문학 > 한국문학,44709,https://image.aladin.co.kr/product/19404/61/cover/k712635217_1.jpg,https://data4library.kr/bookV?seq=5429011
24,24,흔한남매,원작: 흔한남매 ;그림: 유난희,미래엔,2019,9791164136261,77810,6,810,문학 > 한국문학 > 한국문학,44480,https://image.aladin.co.kr/product/25301/95/cover/k062633309_1.jpg,https://data4library.kr/bookV?seq=5777315
25,25,흔한남매,원작: 흔한남매 ;그림: 유난희,미래엔,2019,9791164132454,77810,2,810,문학 > 한국문학 > 한국문학,43762,https://image.aladin.co.kr/product/20398/4/cover/k002635150_1.jpg,https://data4library.kr/bookV?seq=5463101
26,26,불편한 편의점 :김호연 장편소설,지은이: 김호연,나무옆의자,2022,9791161571379,03810,2,813.7,문학 > 한국문학 > 소설,42836,https://image.aladin.co.kr/product/29858/98/cover/k432838027_1.jpg,https://data4library.kr/bookV?seq=6529613
27,27,어른의 행복은 조용하다 ,글: 태수,페이지2북스,2024,9791169851053,03810,,818,문학 > 한국문학 > 르포르타주 및 기타,42081,https://image.aladin.co.kr/product/35063/62/cover200/k532934196_1.jpg,https://data4library.kr/bookV?seq=6966282
28,28,안녕이라 그랬어 :김애란 소설 ,지은이: 김애란,문학동네,2025,9791141602376,03810,,813.7,문학 > 한국문학 > 소설,41102,https://image.aladin.co.kr/product/36566/52/cover200/k462039240_1.jpg,https://data4library.kr/bookV?seq=7073819
29,29,채식주의자:한강 연작소설,한강,창비,2007,9788936433598,03810,,813.6,문학 > 한국문학 > 소설,40657,https://bookthumb-phinf.pstatic.net/cover/033/094/03309417.jpg?type=m1&udate=20180609,https://data4library.kr/bookV?seq=2155671
30,30,흔한남매,원작: 흔한남매 ;그림: 유난희,미래엔,2019,9791173114038,77810,18,810,문학 > 한국문학 > 한국문학,40578,https://image.aladin.co.kr/product/35371/5/cover200/k792035405_1.jpg,https://data4library.kr/bookV?seq=6986836
31,31,이처럼 사소한 것들 :클레어 키건 소설 ,지은이: 클레어 키건 ;옮긴이: 홍한별,다산북스,2023,9791130646381,03840,,843.6,문학 > 영미문학 > 소설,39895,https://shopping-phinf.pstatic.net/main_4390280/43902803626.20231108182642.jpg,https://data4library.kr/bookV?seq=6791651
32,32,고양이 해결사 깜냥,홍민정 동화 ;김재희 그림,창비,2020,9788936447694,74810,1,813.7,문학 > 한국문학 > 소설,39778,https://image.aladin.co.kr/product/23651/80/cover/8936447696_1.jpg,https://data4library.kr/bookV?seq=5642562
33,33,흔한남매의 흔한 호기심 :일상에서 만나는 과학 상식,원작: 흔한남매 ;그림: 유난희,미래엔,2020,9791168415409,77400,9,400,자연과학 > 자연과학 > 자연과학,39500,https://image.aladin.co.kr/product/31830/75/cover/k082833126_1.jpg,https://data4library.kr/bookV?seq=6705275
34,34,흔한남매의 흔한 호기심 :일상에서 만나는 과학 상식,원작: 흔한남매 ;그림: 유난희,미래엔,2020,9791168414488,77400,11,400,자연과학 > 자연과학 > 자연과학,38896,https://image.aladin.co.kr/product/33398/15/cover/k562938512_1.jpg,https://data4library.kr/bookV?seq=6831155
35,35,흔한남매의 흔한 호기심 :일상에서 만나는 과학 상식,원작: 흔한남매 ;그림: 유난희,미래엔,2020,9791168416598,77400,10,400,자연과학 > 자연과학 > 자연과학,38703,https://image.aladin.co.kr/product/32697/1/cover/k462936662_1.jpg,https://data4library.kr/bookV?seq=6776181
36,36,흔한남매의 흔한 호기심 :일상에서 만나는 과학 상식,원작: 흔한남매 ;그림: 유난희,미래엔,2020,9791164137121,77400,2,400,자연과학 > 자연과학 > 자연과학,38353,https://image.aladin.co.kr/product/25812/8/cover/k352736335_1.jpg,https://data4library.kr/bookV?seq=5833702
37,37,급류 :정대건 장편소설 ,지은이: 정대건,민음사,2022,9788937473401,04810,,813.7,문학 > 한국문학 > 소설,38276,https://image.aladin.co.kr/product/30769/24/cover/8937473402_1.jpg,https://data4library.kr/bookV?seq=6614564
38,38,흔한남매의 흔한 호기심 :일상에서 만나는 과학 상식,원작: 흔한남매 ;그림: 유난희,미래엔,2020,9791168411852,77400,6,400,자연과학 > 자연과학 > 자연과학,37524,https://image.aladin.co.kr/product/29541/3/cover/k292837956_1.jpg,https://data4library.kr/bookV?seq=6469920
39,39,흔한남매의 흔한 호기심 :일상에서 만나는 과학 상식,원작: 흔한남매 ;그림: 유난희,미래엔,2020,9791164136032,77400,1,400,자연과학 > 자연과학 > 자연과학,37438,https://image.aladin.co.kr/product/25055/39/cover/k002632646_1.jpg,https://data4library.kr/bookV?seq=5748423
40,40,흔한남매의 흔한 호기심 :일상에서 만나는 과학 상식,원작: 흔한남매 ;그림: 유난희,미래엔,2020,9791168413931,77400,7,400,자연과학 > 자연과학 > 자연과학,37346,https://image.aladin.co.kr/product/30224/42/cover/k502839203_1.jpg,https://data4library.kr/bookV?seq=6568400
41,41,대온실 수리 보고서 :김금희 장편소설 ,지은이: 김금희,창비,2024,9788936439651,03810,,813.7,문학 > 한국문학 > 소설,37143,https://image.aladin.co.kr/product/34712/24/cover200/8936439650_2.jpg,https://data4library.kr/bookV?seq=6950753
42,42,흔한남매의 흔한 호기심 :일상에서 만나는 과학 상식,원작: 흔한남매 ;그림: 유난희,미래엔,2020,9791164137923,77400,3,400,자연과학 > 자연과학 > 자연과학,37050,https://image.aladin.co.kr/product/27025/25/cover/k542730528_2.jpg,https://data4library.kr/bookV?seq=5967314
43,43,흔한남매의 흔한 호기심 :일상에서 만나는 과학 상식,원작: 흔한남매 ;그림: 유난희,미래엔,2020,9791168410848,77400,5,400,자연과학 > 자연과학 > 자연과학,36846,https://image.aladin.co.kr/product/28736/69/cover/k332836780_1.jpg,https://data4library.kr/bookV?seq=6393114
44,44,흔한남매의 흔한 호기심 :일상에서 만나는 과학 상식,원작: 흔한남매 ;그림: 유난희,미래엔,2020,9791168414822,77400,8,400,자연과학 > 자연과학 > 자연과학,36535,https://image.aladin.co.kr/product/30881/96/cover/k672831283_1.jpg,https://data4library.kr/bookV?seq=6624071
45,45,고양이 해결사 깜냥,홍민정 동화 ;김재희 그림,창비,2020,9788936447861,74810,2,813.7,문학 > 한국문학 > 소설,36509,https://image.aladin.co.kr/product/24790/61/cover/8936447866_1.jpg,https://data4library.kr/bookV?seq=5784086
46,46,흔한남매 이상한 나라의 고전 읽기,최재훈 글 ;정주연 그림,미래엔,2022,9791168416314,74810,4,813.5,문학 > 한국문학 > 소설,36364,https://image.aladin.co.kr/product/32387/47/cover/k882935883_1.jpg,https://data4library.kr/bookV?seq=6756170
47,47,단 한 번의 삶 ,지은이: 김영하,복복서가,2025,9791191114768,03810,,814.62,문학 > 한국문학 > 수필,36350,https://image.aladin.co.kr/product/36114/12/cover200/s602038067_1.jpg,https://data4library.kr/bookV?seq=7035659
48,48,흔한남매의 흔한 호기심 :일상에서 만나는 과학 상식,원작: 흔한남매 ;그림: 유난희,미래엔,2020,9791164138982,77400,4,400,자연과학 > 자연과학 > 자연과학,36165,https://image.aladin.co.kr/product/27892/11/cover/k652734308_1.jpg,https://data4library.kr/bookV?seq=6088288
49,49,흔한남매의 흔한 호기심 :일상에서 만나는 과학 상식,원작: 흔한남매 ;그림: 유난희,미래엔,2020,9791168419018,77400,12,400,자연과학 > 자연과학 > 자연과학,35792,https://image.aladin.co.kr/product/34875/95/cover200/k482933053_1.jpg,https://data4library.kr/bookV?seq=6956464
50,50,흔한남매 이상한 나라의 고전 읽기,최재훈 글 ;정주연 그림,미래엔,2022,9791168412248,74810,1,813.5,문학 > 한국문학 > 소설,35717,https://image.aladin.co.kr/product/29683/83/cover/k122838384_1.jpg,https://data4library.kr/bookV?seq=6489268
51,51,흔한남매 과학 탐험대,원작: 흔한남매 ;임혜영,김영사,2021,9788934905851,77400,10,400,자연과학 > 자연과학 > 자연과학,35716,https://image.aladin.co.kr/product/33970/53/cover200/8934905859_1.jpg,https://data4library.kr/bookV?seq=6878576
52,52,흔한남매 이상한 나라의 고전 읽기,최재훈 글 ;정주연 그림,미래엔,2022,9791168415034,74810,3,813.5,문학 > 한국문학 > 소설,35383,https://image.aladin.co.kr/product/31222/3/cover/k112831250_1.jpg,https://data4library.kr/bookV?seq=6647602
53,53,고양이 해결사 깜냥,홍민정 동화 ;김재희 그림,창비,2020,9788936448752,73810,7,813.7,문학 > 한국문학 > 소설,35374,https://image.aladin.co.kr/product/34815/56/cover200/8936448757_1.jpg,https://data4library.kr/bookV?seq=6954185
54,54,순례 주택 :유은실 소설 ,지은이: 유은실,비룡소,2021,9788949123493,44800,,813.7,문학 > 한국문학 > 소설,35320,https://image.aladin.co.kr/product/26674/56/cover/8949123495_1.jpg,https://data4library.kr/bookV?seq=5941926
55,55,흔한남매 이상한 나라의 고전 읽기,최재훈 글 ;정주연 그림,미래엔,2022,9791168413955,74810,2,813.5,문학 > 한국문학 > 소설,35274,https://image.aladin.co.kr/product/30340/91/cover/k052839448_1.jpg,https://data4library.kr/bookV?seq=6576357
56,56,흔한남매 과학 탐험대,원작: 흔한남매 ;임혜영,김영사,2021,9788934935193,77400,11,400,자연과학 > 자연과학 > 자연과학,35272,https://image.aladin.co.kr/product/34553/89/cover200/8934935197_1.jpg,https://data4library.kr/bookV?seq=6937593
57,57,흔한남매,원작: 흔한남매 ;그림: 유난희,미래엔,2019,9791173473968,77810,19,810,문학 > 한국문학 > 한국문학,34865,https://image.aladin.co.kr/product/36208/50/cover200/k712038303_1.jpg,https://data4library.kr/bookV?seq=7046196
58,58,고양이 해결사 깜냥,홍민정 동화 ;김재희 그림,창비,2020,9788936448011,74810,3,813.7,문학 > 한국문학 > 소설,34780,https://image.aladin.co.kr/product/25967/84/cover/8936448013_2.jpg,https://data4library.kr/bookV?seq=5996157
59,59,흔한남매 이상한 나라의 고전 읽기,최재훈 글 ;정주연 그림,미래엔,2022,9791168415331,74810,5,813.5,문학 > 한국문학 > 소설,34677,https://image.aladin.co.kr/product/33575/91/cover/k582939392_1.jpg,https://data4library.kr/bookV?seq=6840920
60,60,마흔에 읽는 쇼펜하우어 :마음의 위기를 다스리는 철학 수업 ,강용수 지음,유노콘텐츠그룹,2023,9791192300818,03160,,165.47,"철학 > 서양철학 > 독일, 오스트리아철학",34361,https://image.aladin.co.kr/product/32361/59/cover/k592935565_1.jpg,https://data4library.kr/bookV?seq=6754766
61,61,흔한남매 과학 탐험대,원작: 흔한남매 ;임혜영,김영사,2021,9788934980254,77400,2,400,자연과학 > 자연과학 > 자연과학,34346,https://image.aladin.co.kr/product/27876/47/cover/8934980257_1.jpg,https://data4library.kr/bookV?seq=6086449
62,62,흔한남매 과학 탐험대,원작: 흔한남매 ;임혜영,김영사,2021,9788934979814,77400,8,400,자연과학 > 자연과학 > 자연과학,34244,https://image.aladin.co.kr/product/32026/71/cover/893497981x_1.jpg,https://data4library.kr/bookV?seq=6726830
63,63,흔한남매 과학 탐험대,원작: 흔한남매 ;임혜영,김영사,2021,9788934946625,77400,9,400,자연과학 > 자연과학 > 자연과학,34051,https://image.aladin.co.kr/product/32890/49/cover/8934946628_1.jpg,https://data4library.kr/bookV?seq=6793070
64,64,달러구트 꿈 백화점 :주문하신 꿈은 매진입니다 ,지은이: 이미예,팩토리나인,2020,9791165341909,03810,,813.7,문학 > 한국문학 > 소설,33896,https://image.aladin.co.kr/product/24512/70/cover/k392630952_1.jpg,https://data4library.kr/bookV?seq=5707051
65,65,고양이 해결사 깜냥,홍민정 동화 ;김재희 그림,창비,2020,9788936448370,73810,5,813.7,문학 > 한국문학 > 소설,33822,https://image.aladin.co.kr/product/31192/21/cover/8936448374_1.jpg,https://data4library.kr/bookV?seq=3020356
66,66,흔한남매 이무기 :이해하면 무서운 이야기,원작: 흔한남매 ;그림: 도니패밀리,미래엔,2023,9791168415577,77810,1,810,문학 > 한국문학 > 한국문학,33798,https://image.aladin.co.kr/product/32095/72/cover/k502834901_1.jpg,https://data4library.kr/bookV?seq=6735778
67,67,고양이 해결사 깜냥,홍민정 동화 ;김재희 그림,창비,2020,9788936448523,73810,6,813.7,문학 > 한국문학 > 소설,33592,https://image.aladin.co.kr/product/32756/52/cover/8936448528_1.jpg,https://data4library.kr/bookV?seq=6780194
68,68,흔한남매 과학 탐험대,원작: 흔한남매 ;임혜영,김영사,2021,9788934989257,77400,1,400,자연과학 > 자연과학 > 자연과학,33492,https://image.aladin.co.kr/product/27081/54/cover/s542731834_1.jpg,https://data4library.kr/bookV?seq=5970627
69,69,밝은 밤 :최은영 장편소설 ,지은이: 최은영,문학동네,2021,9788954681179,03810,,813.7,문학 > 한국문학 > 소설,33211,https://image.aladin.co.kr/product/27541/91/cover/8954681174_1.jpg,https://data4library.kr/bookV?seq=6045915
70,70,흔한남매 과학 탐험대,원작: 흔한남매 ;임혜영,김영사,2021,9788934944546,77400,7,400,자연과학 > 자연과학 > 자연과학,33156,https://image.aladin.co.kr/product/31325/63/cover/8934944544_1.jpg,https://data4library.kr/bookV?seq=6657232
71,71,긴긴밤 ,루리 글·그림,문학동네,2021,9788954677158,73810,,813.7,문학 > 한국문학 > 소설,33032,https://image.aladin.co.kr/product/26302/71/cover/8954677150_1.jpg,https://data4library.kr/bookV?seq=5857188
72,72,흔한남매 이상한 나라의 고전 읽기,최재훈 글 ;정주연 그림,미래엔,2022,9791168418950,74810,6,813.5,문학 > 한국문학 > 소설,32831,https://image.aladin.co.kr/product/34773/6/cover200/k412933022_1.jpg,https://data4library.kr/bookV?seq=6951918
73,73,똥볶이 할멈 :K-히어로 판타지,글: 강효미 ;그림: 김무연,따끈따끈책방,2021,9791190409124,74810,1,813.7,문학 > 한국문학 > 소설,32786,https://image.aladin.co.kr/product/27982/44/cover/k832734228_1.jpg,https://data4library.kr/bookV?seq=6307324
74,74,고양이 해결사 깜냥,홍민정 동화 ;김재희 그림,창비,2020,9788936448134,74810,4,813.7,문학 > 한국문학 > 소설,32556,https://image.aladin.co.kr/product/28612/9/cover/8936448137_1.jpg,https://data4library.kr/bookV?seq=6378029
75,75,나의 돈키호테 :김호연 장편소설 ,지은이: 김호연,나무옆의자,2024,9791161571768,03810,,813.7,문학 > 한국문학 > 소설,32363,https://image.aladin.co.kr/product/33798/94/cover/k852930477_1.jpg,https://data4library.kr/bookV?seq=6862019
76,76,천 개의 파랑 :천선란 장편소설 ,지은이: 천선란,허블,2020,9791190090261,03810,,813.7,문학 > 한국문학 > 소설,32117,https://image.aladin.co.kr/product/24895/69/cover/k882632470_2.jpg,https://data4library.kr/bookV?seq=5738747
77,77,희랍어 시간 :한강 장편소설 ,지은이: 한강,문학동네,2011,9788954616515,03810,,813.62,문학 > 한국문학 > 소설,31971,https://bookthumb-phinf.pstatic.net/cover/067/707/06770742.jpg?type=m1&udate=20170801,https://data4library.kr/bookV?seq=1207905
78,78,흔한남매 이무기 :이해하면 무서운 이야기,원작: 흔한남매 ;그림: 도니패밀리,미래엔,2023,9791168418516,77810,2,810,문학 > 한국문학 > 한국문학,31936,https://image.aladin.co.kr/product/34240/43/cover200/k252931432_2.jpg,https://data4library.kr/bookV?seq=6900046
79,79,바깥은 여름 :김애란 소설 ,지은이: 김애란,문학동네,2017,9788954646079,03810,,813.7,문학 > 한국문학 > 소설,31880,http://image.aladin.co.kr/product/15533/81/cover/k852533629_1.jpg,https://data4library.kr/bookV?seq=3451595
80,80,비스킷 ,글: 김선미,위즈덤하우스,2023,9791168127630,43810,,813.7,문학 > 한국문학 > 소설,31839,https://image.aladin.co.kr/product/32443/92/cover/k002935195_1.jpg,https://data4library.kr/bookV?seq=6759494
81,81,죽이고 싶은 아이 :이꽃님 장편소설 ,지은이: 이꽃님,우리학교,2021,9791190337755,43810,,813.7,문학 > 한국문학 > 소설,31755,https://image.aladin.co.kr/product/27211/83/cover/k422732197_1.jpg,https://data4library.kr/bookV?seq=5986948
82,82,(흔한남매) 별난 세계 여행,흔한남매 원작 ;정주연 그림,미래엔,2023,9791168415355,74810,1,980.2,역사 > 지리 > 지리,31728,https://image.aladin.co.kr/product/31704/70/cover/k952833687_1.jpg,https://data4library.kr/bookV?seq=6695722
83,83,에그박사 :Egg&bugs,원작: 에그박사 ;그림: 홍종현,미래엔,2020,9791168417984,77490,12,472,자연과학 > 생물과학 > 생물학,31484,https://image.aladin.co.kr/product/33707/53/cover/k032939342_1.jpg,https://data4library.kr/bookV?seq=6855482
84,84,흔한남매 과학 탐험대,원작: 흔한남매 ;임혜영,김영사,2021,9791173320101,77400,13,400,자연과학 > 자연과학 > 자연과학,31463,https://image.aladin.co.kr/product/35418/49/cover200/k522035522_2.jpg,https://data4library.kr/bookV?seq=6990638
85,85,아몬드 :손원평 장편소설 ,지은이: 손원평,창비,2017,9788936434267,03810,,813.7,문학 > 한국문학 > 소설,31426,http://image.aladin.co.kr/product/16839/4/cover/k492534773_1.jpg,https://data4library.kr/bookV?seq=3423096
86,86,지구 끝의 온실 :김초엽 장편소설 ,지은이: 김초엽,Giant Books(자이언트북스),2021,9791191824001,03810,,813.7,문학 > 한국문학 > 소설,31386,https://image.aladin.co.kr/product/27692/63/cover/k082733434_1.jpg,https://data4library.kr/bookV?seq=6065686
87,87,흔한남매 과학 탐험대 3 : 인체,"흔한남매 (원작), 이재국, 이현진, 서지은 (글), 김덕영 (그림), 정현철, 김희목, 권경아, 최진수, 박준건 (기획)",주니어김영사,2021,9788934983439,,3,,,31261,https://image.aladin.co.kr/product/28386/25/cover/8934983434_1.jpg,https://data4library.kr/bookV?seq=6345379
88,88,에그박사 :Egg&bugs,원작: 에그박사 ;그림: 홍종현,미래엔,2020,9791168418783,77490,13,472,자연과학 > 생물과학 > 생물학,31066,https://image.aladin.co.kr/product/34425/96/cover200/k422932026_2.jpg,https://data4library.kr/bookV?seq=6927414
89,89,흔한남매 과학 탐험대 5 : 물리 1,"흔한남매 (원작), 이현진, 닥터 스코 (글), 김덕영 (그림), 김희목 (감수), 김희목, 정현철, 권경아, 최진수 (기획)",주니어김영사,2022,9788934940753,,5,,,31054,https://image.aladin.co.kr/product/29615/64/cover/8934940751_1.jpg,https://data4library.kr/bookV?seq=6477919
90,90,아버지의 해방일지 :정지아 장편소설 ,지은이: 정지아,창비,2022,9788936438838,03810,,813.62,문학 > 한국문학 > 소설,31018,https://image.aladin.co.kr/product/30048/51/cover/8936438832_1.jpg,https://data4library.kr/bookV?seq=6551957
91,91,죽이고 싶은 아이 :이꽃님 장편소설,지은이: 이꽃님,우리학교,2024,9791167552723,44810,2,813.7,문학 > 한국문학 > 소설,30886,https://image.aladin.co.kr/product/34179/34/cover200/k122931213_1.jpg,https://data4library.kr/bookV?seq=6893936
92,92,에그박사 :Egg&bugs,원작: 에그박사 ;그림: 홍종현,미래엔,2020,9791168415539,77490,10,472,자연과학 > 생물과학 > 생물학,30801,https://image.aladin.co.kr/product/31930/10/cover/k412833952_1.jpg,https://data4library.kr/bookV?seq=6716547
93,93,(2500년 동안 사랑받은) 초역 부처의 말 :행복으로 가는 길은 없다 행복이 곧 길이다 ,코이케 류노스케 지음 ;박재현 옮김,콘텐츠그룹 포레스트,2024,9791193506516,03100,,224.2,"종교 > 불교 > 법어, 신앙록, 신앙생활",30639,https://image.aladin.co.kr/product/33973/70/cover200/k682930444_1.jpg,https://data4library.kr/bookV?seq=6878420
94,94,흔한남매 오해요 :귀염 뽀짝 부캐들과 펼치는 초단편 콩트 만화 ,원작: 흔한남매 ;그림: 유난희,미래엔,2022,9791168410930,77810,,810,문학 > 한국문학 > 한국문학,30632,https://image.aladin.co.kr/product/28926/99/cover/k602836219_1.jpg,https://data4library.kr/bookV?seq=6409046
95,95,프로젝트 헤일메리 ,앤디 위어 지음 ;강동혁 옮김,RHK(알에이치코리아),2021,9788925588735,04840,,843.6,문학 > 영미문학 > 소설,30631,https://image.aladin.co.kr/product/27045/43/cover/8925588730_1.jpg,https://data4library.kr/bookV?seq=5969086
96,96,(흔한남매) 수수께끼 어드벤처 :수수께끼로 배우는 교과 지식,원작: 흔한남매 ;그림: 도니패밀리,미래엔,2022,9791168415591,77030,3,388,"사회과학 > 풍속, 민속학 > 민간전승",30625,https://image.aladin.co.kr/product/31966/80/cover/k562834162_1.jpg,https://data4library.kr/bookV?seq=6718946
97,97,돈의 심리학 :당신은 왜 부자가 되지 못했는가 ,모건 하우절 지음 ;이지연 옮김,인플루엔셜,2021,9791191056372,03320,,327.04,사회과학 > 경제학 > 금융,30608,https://image.aladin.co.kr/product/25967/85/cover/k412737326_1.jpg,https://data4library.kr/bookV?seq=5846583
98,98,수박 수영장 :안녕달 그림책 ,지은이: 안녕달,창비,2015,9788936446819,77810,,813.7,문학 > 한국문학 > 소설,30573,https://bookthumb-phinf.pstatic.net/cover/093/451/09345174.jpg?type=m1&udate=20180718,https://data4library.kr/bookV?seq=2396971
99,99,돈의 속성 :최상위 부자가 말하는 돈에 대한 모든 것 ,지은이: 김승호,Snowfox(스노우폭스북스),2020,9791188331796,03320,,327.04,사회과학 > 경제학 > 금융,30544,https://image.aladin.co.kr/product/24191/64/cover/k562639753_1.jpg,https://data4library.kr/bookV?seq=5678862
100,100,흔한남매 과학 탐험대 4 : 물질,"흔한남매 (원작), 이현진, 닥터 스코 (글), 김덕영 (그림), 최진수 (감수), 정현철, 김희목, 권경아, 최진수 (기획)",주니어김영사,2022,9788934930549,,4,,,30518,https://image.aladin.co.kr/product/28932/34/cover/8934930543_1.jpg,https://data4library.kr/bookV?seq=6408666
101,101,흔한남매 과학 탐험대,원작: 흔한남매 ;임혜영,김영사,2021,9791194330592,77400,12,400,자연과학 > 자연과학 > 자연과학,30482,https://image.aladin.co.kr/product/35259/18/cover200/k152934243_2.jpg,https://data4library.kr/bookV?seq=6978493
102,102,에그박사 :Egg&bugs,원작: 에그박사 ;그림: 홍종현,미래엔,2020,9791168416840,77490,11,472,자연과학 > 생물과학 > 생물학,30148,https://image.aladin.co.kr/product/32932/88/cover/k672936940_1.jpg,https://data4library.kr/bookV?seq=6796711
103,103,체리새우 :황영미 장편소설 ,지은이: 황영미,문학동네,2019,9788954654753,03810,,813.7,문학 > 한국문학 > 소설,30105,https://image.aladin.co.kr/product/17970/0/cover/8954654754_1.jpg,https://data4library.kr/bookV?seq=5359157
104,104,(흔한남매) 수수께끼 어드벤처 :수수께끼로 배우는 교과 지식,원작: 흔한남매 ;그림: 도니패밀리,미래엔,2022,9791168417656,77030,4,388,"사회과학 > 풍속, 민속학 > 민간전승",30104,https://image.aladin.co.kr/product/33188/45/cover/k742937532_1.jpg,https://data4library.kr/bookV?seq=6814802
105,105,흔한남매 과학 탐험대 6 : 물리 2,"흔한남매 (원작), 이현진, 닥터 스코 (글), 김덕영 (그림), 김희목 (감수), 김희목, 정현철, 권경아, 최진수 (기획)",주니어김영사,2022,9788934946793,,6,,,29953,https://image.aladin.co.kr/product/30479/22/cover/8934946792_1.jpg,https://data4library.kr/bookV?seq=6592591
106,106,똥볶이 할멈 :K-히어로 판타지,글: 강효미 ;그림: 김무연,따끈따끈책방,2021,9791190409131,74810,2,813.7,문학 > 한국문학 > 소설,29942,https://image.aladin.co.kr/product/28393/27/cover/k592835817_1.jpg,https://data4library.kr/bookV?seq=6346812
107,107,(흔한남매) 수수께끼 어드벤처 :수수께끼로 배우는 교과 지식,원작: 흔한남매 ;그림: 도니패밀리,미래엔,2022,9791168413078,77030,1,388,"사회과학 > 풍속, 민속학 > 민간전승",29917,https://image.aladin.co.kr/product/30112/78/cover/k402839980_1.jpg,https://data4library.kr/bookV?seq=6558774
108,108,똥볶이 할멈 :K-히어로 판타지,글: 강효미 ;그림: 김무연,따끈따끈책방,2021,9791198511577,74810,6,813.7,문학 > 한국문학 > 소설,29819,https://image.aladin.co.kr/product/33928/37/cover200/k762930138_2.jpg,https://data4library.kr/bookV?seq=6875585
109,109,슈뻘맨의 숨은 과학 찾기 :엉뚱 도전 속에 숨은 과학 상식,슈뻘맨 원작 ;류수형 그림,미래엔,2023,9791168417786,77400,3,400,자연과학 > 자연과학 > 자연과학,29609,https://image.aladin.co.kr/product/33334/30/cover/k722938698_1.jpg,https://data4library.kr/bookV?seq=6825216
110,110,흔한남매의 흔한 호기심 :일상에서 만나는 과학 상식,원작: 흔한남매 ;그림: 유난희,미래엔,2020,9791173471780,77400,13,400,자연과학 > 자연과학 > 자연과학,29526,https://image.aladin.co.kr/product/36019/61/cover200/k872037826_1.jpg,https://data4library.kr/bookV?seq=7026796
111,111,에그박사 :Egg&bugs,원작: 에그박사 ;그림: 홍종현,미래엔,2020,9791173119262,77490,14,472,자연과학 > 생물과학 > 생물학,29440,https://image.aladin.co.kr/product/35393/79/cover200/k312035918_2.jpg,https://data4library.kr/bookV?seq=6990294
112,112,종의 기원 =정유정 장편소설 /The origin of species ,지은이: 정유정,은행나무,2016,9788956609959,03810,,813.7,문학 > 한국문학 > 소설,29405,http://image.aladin.co.kr/product/7492/9/cover/8956609950_2.jpg,https://data4library.kr/bookV?seq=3151708
113,113,"첫 여름, 완주 :김금희 장편소설 ",저자 : 김금희,무제,2025,9791197221989,03810,,813.7,문학 > 한국문학 > 소설,29390,https://image.aladin.co.kr/product/36275/58/cover200/k692038832_1.jpg,https://data4library.kr/bookV?seq=7051689
114,114,흰 :한강 소설 ,지은이: 한강,문학동네,2018,9788954651134,03810,,813.62,문학 > 한국문학 > 소설,29311,http://image.aladin.co.kr/product/14322/3/cover/8954651135_1.jpg,https://data4library.kr/bookV?seq=3746119
115,114,똥볶이 할멈 :K-히어로 판타지,글: 강효미 ;그림: 김무연,따끈따끈책방,2021,9791190409148,74810,3,813.7,문학 > 한국문학 > 소설,29311,https://image.aladin.co.kr/product/29321/37/cover/k362837717_1.jpg,https://data4library.kr/bookV?seq=6450284
116,116,(흔한남매) 수수께끼 어드벤처 :수수께끼로 배우는 교과 지식,원작: 흔한남매 ;그림: 도니패밀리,미래엔,2022,9791168414921,77030,2,388,"사회과학 > 풍속, 민속학 > 민간전승",29157,https://image.aladin.co.kr/product/31033/55/cover/k112831415_1.jpg,https://data4library.kr/bookV?seq=6635456
117,117,"물고기는 존재하지 않는다 :상실, 사랑 그리고 숨어 있는 삶의 질서에 관한 이야기 ",룰루 밀러 지음 ;정지인 옮김,곰출판,2021,9791189327156,03400,,490.99,자연과학 > 동물학 > 동물학,29139,https://image.aladin.co.kr/product/28465/73/cover/k092835920_1.jpg,https://data4library.kr/bookV?seq=6360937
118,118,에그박사 :Egg&bugs,원작: 에그박사 ;그림: 홍종현,미래엔,2020,9791164138425,77490,4,472,자연과학 > 생물과학 > 생물학,29039,https://image.aladin.co.kr/product/27643/74/cover/k052733229_1.jpg,https://data4library.kr/bookV?seq=6063450
119,119,에그박사 :Egg&bugs,원작: 에그박사 ;그림: 홍종현,미래엔,2020,9791168411029,77490,6,472,자연과학 > 생물과학 > 생물학,28991,https://image.aladin.co.kr/product/28974/55/cover/k902836928_1.jpg,https://data4library.kr/bookV?seq=6415971
120,120,야옹이 수영 교실 ,신현경 글 ;노예지 그림,인플루엔셜,2023,9791168341180,77810,,813.7,문학 > 한국문학 > 소설,28795,https://image.aladin.co.kr/product/32130/71/cover/k662834301_1.jpg,https://data4library.kr/bookV?seq=6738249
121,121,슈뻘맨의 숨은 과학 찾기 :엉뚱 도전 속에 숨은 과학 상식,슈뻘맨 원작 ;류수형 그림,미래엔,2023,9791168415188,77400,2,400,자연과학 > 자연과학 > 자연과학,28750,https://image.aladin.co.kr/product/32359/59/cover/k332935467_1.jpg,https://data4library.kr/bookV?seq=6754113
122,122,두 사람의 인터내셔널 :김기태 소설 ,지은이: 김기태,문학동네,2024,9788954697941,03810,,813.7,문학 > 한국문학 > 소설,28669,https://image.aladin.co.kr/product/33899/7/cover200/8954697941_1.jpg,https://data4library.kr/bookV?seq=6873522
123,123,(흔한남매) 별난 방탈출 :탈출 미션 스토리북,흔한남매 원작 ;차차 그림,미래엔,2020,9791164137176,77810,1,691,"예술 > 오락, 운동 > 오락",28544,https://image.aladin.co.kr/product/25813/3/cover/k172736336_1.jpg,https://data4library.kr/bookV?seq=5833701
124,124,흔한남매 과학 탐험대,원작: 흔한남매 ;임혜영,김영사,2021,9788934938224,77400,0,400,자연과학 > 자연과학 > 자연과학,28526,https://image.aladin.co.kr/product/33107/58/cover/8934938226_1.jpg,https://data4library.kr/bookV?seq=6809895
125,125,똥볶이 할멈 :K-히어로 판타지,글: 강효미 ;그림: 김무연,따끈따끈책방,2021,9791190409384,74810,5,813.7,문학 > 한국문학 > 소설,28477,https://image.aladin.co.kr/product/31892/15/cover/k862833636_1.jpg,https://data4library.kr/bookV?seq=6712590
126,126,슈뻘맨의 숨은 과학 찾기 :엉뚱 도전 속에 숨은 과학 상식,슈뻘맨 원작 ;류수형 그림,미래엔,2023,9791168418462,77400,4,400,자연과학 > 자연과학 > 자연과학,28403,https://image.aladin.co.kr/product/34121/18/cover200/k102931996_1.jpg,https://data4library.kr/bookV?seq=6890521
127,127,(흔한남매) 별난 방탈출 :탈출 미션 스토리북,흔한남매 원작 ;차차 그림,미래엔,2020,9791168410541,77810,4,691,"예술 > 오락, 운동 > 오락",28392,https://image.aladin.co.kr/product/28533/10/cover/k182835138_1.jpg,https://data4library.kr/bookV?seq=6365433
128,128,세계를 건너 너에게 갈게 :이꽃님 장편소설 ,글쓴이: 이꽃님,문학동네,2018,9788954650212,03810,,813.7,문학 > 한국문학 > 소설,28353,https://bookthumb-phinf.pstatic.net/cover/133/146/13314689.jpg?type=m1&udate=20180330,https://data4library.kr/bookV?seq=3699193
129,129,(흔한남매) 별난 세계 여행,흔한남매 원작 ;정주연 그림,미래엔,2023,9791168416628,74810,2,980.2,역사 > 지리 > 지리,28350,https://image.aladin.co.kr/product/32822/70/cover/k482936806_1.jpg,https://data4library.kr/bookV?seq=6788140
130,130,슈뻘맨의 숨은 과학 찾기 :엉뚱 도전 속에 숨은 과학 상식,슈뻘맨 원작 ;류수형 그림,미래엔,2023,9791168415171,77400,1,400,자연과학 > 자연과학 > 자연과학,28337,https://image.aladin.co.kr/product/31331/11/cover/k812832794_1.jpg,https://data4library.kr/bookV?seq=6657893
131,131,똥볶이 할멈 :K-히어로 판타지,글: 강효미 ;그림: 김무연,따끈따끈책방,2021,9791190409261,74810,4,813.7,문학 > 한국문학 > 소설,28322,https://image.aladin.co.kr/product/30519/98/cover/k282830494_1.jpg,https://data4library.kr/bookV?seq=6595124
132,132,(흔한남매) 안 흔한 일기,흔한남매 원작 ;조병주 그림,미래엔,2020,9791164134649,74810,1,816.7,"문학 > 한국문학 > 일기, 서간, 기행",28282,https://image.aladin.co.kr/product/23331/23/cover/k012637918_1.jpg,https://data4library.kr/bookV?seq=5595543
133,133,놓지 마 과학!,"글·그림: 신태훈,나승훈",위즈덤하우스,2016,9791171712267,77400,19,408,"자연과학 > 자연과학 > 전집, 총서",28277,https://image.aladin.co.kr/product/34155/83/cover200/k032931590_1.jpg,https://data4library.kr/bookV?seq=6892247
134,134,고전이 답했다 :마땅히 살아야 할 삶에 대하여 ,고명환 지음,라곰,2024,9791193939130,03320,,199.1,"철학 > 윤리학, 도덕철학 > 도덕훈, 교훈",28264,https://image.aladin.co.kr/product/34526/60/cover200/k622932853_2.jpg,https://data4library.kr/bookV?seq=6935936
135,135,설민석의 한국사 대모험,"글: 설민석,그림: 정현희",휴먼큐브,2017,9791195794799,74910,1,911,역사 > 아시아(아세아) > 한국,28242,http://image.aladin.co.kr/product/10016/32/cover/k512536564_2.jpg,https://data4library.kr/bookV?seq=3405847
136,136,당연하게도 나는 너를 :이꽃님 장편소설 ,지은이: 이꽃님,우리학교,2023,9791167550972,43810,,813.7,문학 > 한국문학 > 소설,28172,https://image.aladin.co.kr/product/31269/43/cover/k872832466_1.jpg,https://data4library.kr/bookV?seq=6650932
137,137,에그박사 :Egg&bugs,원작: 에그박사 ;그림: 홍종현,미래엔,2020,9791168414075,77490,8,472,자연과학 > 생물과학 > 생물학,28167,https://image.aladin.co.kr/product/30411/39/cover/k002830264_1.jpg,https://data4library.kr/bookV?seq=6581315
138,138,에그박사 :Egg&bugs,원작: 에그박사 ;그림: 홍종현,미래엔,2020,9791168415157,77490,9,472,자연과학 > 생물과학 > 생물학,28137,https://image.aladin.co.kr/product/31364/28/cover/k382832808_1.jpg,https://data4library.kr/bookV?seq=6660412
139,139,(흔한남매) 별난 방탈출 :탈출 미션 스토리북,흔한남매 원작 ;차차 그림,미래엔,2020,9791164137879,77810,2,691,"예술 > 오락, 운동 > 오락",28106,https://image.aladin.co.kr/product/26959/80/cover/k182730410_1.jpg,https://data4library.kr/bookV?seq=5962802
140,140,에그박사 :Egg&bugs,원작: 에그박사 ;그림: 홍종현,미래엔,2020,9791164135738,77490,1,472,자연과학 > 생물과학 > 생물학,27996,https://image.aladin.co.kr/product/24605/89/cover/k652631174_1.jpg,https://data4library.kr/bookV?seq=5708913
141,141,여름을 한 입 베어 물었더니 :이꽃님 장편소설 ,글쓴이: 이꽃님,문학동네,2023,9788954694575,03810,,813.7,문학 > 한국문학 > 소설,27841,https://image.aladin.co.kr/product/32294/5/cover/8954694578_1.jpg,https://data4library.kr/bookV?seq=6749899
142,142,에그박사 :Egg&bugs,원작: 에그박사 ;그림: 홍종현,미래엔,2020,9791164137435,77490,3,472,자연과학 > 생물과학 > 생물학,27582,https://image.aladin.co.kr/product/26236/31/cover/k012738287_1.jpg,https://data4library.kr/bookV?seq=5855035
143,143,(흔한남매) 별난 방탈출 :탈출 미션 스토리북,흔한남매 원작 ;차차 그림,미래엔,2020,9791168411692,77810,5,691,"예술 > 오락, 운동 > 오락",27537,https://image.aladin.co.kr/product/29445/12/cover/k012837621_1.jpg,https://data4library.kr/bookV?seq=6460293
144,144,영원한 천국 :정유정 장편소설 ,지은이: 정유정,은행나무,2024,9791167374561,03810,,813.7,문학 > 한국문학 > 소설,27531,https://image.aladin.co.kr/product/34499/81/cover200/k712932751_1.jpg,https://data4library.kr/bookV?seq=6934298
145,145,(흔한남매) 별난 방탈출 :탈출 미션 스토리북,흔한남매 원작 ;차차 그림,미래엔,2020,9791164138715,77810,3,691,"예술 > 오락, 운동 > 오락",27513,https://image.aladin.co.kr/product/27760/63/cover/k442734867_1.jpg,https://data4library.kr/bookV?seq=6076995
146,146,놓지 마 과학!,"글·그림: 신태훈,나승훈",위즈덤하우스,2016,9791168122369,67400,17,408,"자연과학 > 자연과학 > 전집, 총서",27490,https://image.aladin.co.kr/product/29305/35/cover/k992837600_1.jpg,https://data4library.kr/bookV?seq=6449054
147,147,에그박사 :Egg&bugs,원작: 에그박사 ;그림: 홍종현,미래엔,2020,9791164136438,77490,2,472,자연과학 > 생물과학 > 생물학,27465,https://image.aladin.co.kr/product/25493/95/cover/k372633927_1.jpg,https://data4library.kr/bookV?seq=5793071
148,148,낭만 강아지 봉봉,홍민정 글 ;김무연 그림,다산북스,2022,9791130679990,74810,1,813.7,문학 > 한국문학 > 소설,27455,https://image.aladin.co.kr/product/28963/14/cover/k832836617_1.jpg,https://data4library.kr/bookV?seq=6412733
149,149,"어서오세요, 휴남동 서점입니다 :황보름 장편소설 ",지은이: 황보름,클레이하우스,2022,9791197377143,03810,,813.7,문학 > 한국문학 > 소설,27337,https://image.aladin.co.kr/product/28685/95/cover/k362836265_1.jpg,https://data4library.kr/bookV?seq=6389692
150,150,절창 :구병모 장편소설 ,지은이: 구병모,문학동네,2025,9791141602451,03810,,813.7,문학 > 한국문학 > 소설,27272,https://image.aladin.co.kr/product/37172/36/cover200/k662031678_1.jpg,https://data4library.kr/bookV?seq=7149374
151,151,에그박사 :Egg&bugs,원작: 에그박사 ;그림: 홍종현,미래엔,2020,9791168412279,77490,7,472,자연과학 > 생물과학 > 생물학,27253,https://image.aladin.co.kr/product/29691/86/cover/k742838586_1.jpg,https://data4library.kr/bookV?seq=6491579
152,152,(흔한남매) 안 흔한 일기,흔한남매 원작 ;조병주 그림,미래엔,2020,9791164135158,74810,2,816.7,"문학 > 한국문학 > 일기, 서간, 기행",27173,https://image.aladin.co.kr/product/24050/77/cover/k252639625_1.jpg,https://data4library.kr/bookV?seq=5669599
153,153,에그박사 :Egg&bugs,원작: 에그박사 ;그림: 홍종현,미래엔,2020,9791164139750,77490,5,472,자연과학 > 생물과학 > 생물학,27154,https://image.aladin.co.kr/product/28259/9/cover/k882835381_1.jpg,https://data4library.kr/bookV?seq=6331219
154,154,(흔한남매) 별난 세계 여행,흔한남매 원작 ;정주연 그림,미래엔,2023,9791168418424,74810,3,980.2,역사 > 지리 > 지리,26995,https://image.aladin.co.kr/product/34172/56/cover200/k432931118_1.jpg,https://data4library.kr/bookV?seq=6893831
155,155,다판다 편의점,강효미 글 ;밤코 그림,다산북스,2025,9791130662985,74810,1,813.7,문학 > 한국문학 > 소설,26964,https://image.aladin.co.kr/product/35737/1/cover200/k352036535_1.jpg,https://data4library.kr/bookV?seq=7011384
156,156,아주 작은 습관의 힘 :최고의 변화는 어떻게 만들어지는가 ,제임스 클리어 지음 ;이한이 옮김,비즈니스북스,2019,9791162540640,03190,,181.845,철학 > 심리학 > 각론,26783,https://image.aladin.co.kr/product/18228/51/cover/k832534441_1.jpg,https://data4library.kr/bookV?seq=5368180
157,157,나는 소망한다 내게 금지된 것을 :양귀자 장편소설 ,지은이: 양귀자,쓰다,2019,9788998441074,03810,,813.62,문학 > 한국문학 > 소설,26755,https://image.aladin.co.kr/product/18936/52/cover/8998441071_1.jpg,https://data4library.kr/bookV?seq=5395822
158,158,"바람이 분다, 가라 :한강 장편소설 ",한강,문학과지성사,2010,9788932020006,03810,,813.62,문학 > 한국문학 > 소설,26714,https://bookthumb-phinf.pstatic.net/cover/062/425/06242590.jpg?type=m1&udate=20161201,https://data4library.kr/bookV?seq=1041841
159,159,세상의 마지막 기차역 ,무라세 다케시 지음 ;김지연 옮김,바이포엠 스튜디오,2022,9791191043754,03830,,833.6,문학 > 일본문학 > 소설,26617,https://image.aladin.co.kr/product/29442/51/cover/k762837520_1.jpg,https://data4library.kr/bookV?seq=6460241
160,160,나미야 잡화점의 기적 :히가시노 게이고 장편소설 ,지은이: 히가시노 게이고 ;옮긴이: 양윤옥,현대문학,2012,9788972756194,03830,,833.6,문학 > 일본문학 > 소설,26568,http://image.aladin.co.kr/product/15848/6/cover/k622533431_1.jpg,https://data4library.kr/bookV?seq=1902173
161,161,놓지 마 과학!,"글·그림: 신태훈,나승훈",위즈덤하우스,2016,9791168126336,77400,18,408,"자연과학 > 자연과학 > 전집, 총서",26541,https://image.aladin.co.kr/product/31953/75/cover/k552833157_1.jpg,https://data4library.kr/bookV?seq=6718347
162,162,우리가 빛의 속도로 갈 수 없다면 :김초엽 소설 ,지은이: 김초엽,허블,2019,9791190090018,03810,,813.7,문학 > 한국문학 > 소설,26483,https://image.aladin.co.kr/product/19359/16/cover/s972635417_1.jpg,https://data4library.kr/bookV?seq=5430429
163,163,(흔한남매) 안 흔한 일기,흔한남매 원작 ;조병주 그림,미래엔,2020,9791164136223,74810,3,816.7,"문학 > 한국문학 > 일기, 서간, 기행",26478,https://image.aladin.co.kr/product/25151/11/cover/k762633375_1.jpg,https://data4library.kr/bookV?seq=5769272
164,164,"도둑맞은 집중력 :집중력 위기의 시대, 삶의 주도권을 되찾는 법 ",요한 하리 지음 ;김하현 옮김,어크로스(어크로스출판그룹),2023,9791167740984,03180,,181.27,철학 > 심리학 > 각론,26453,https://image.aladin.co.kr/product/31559/97/cover/k682832859_1.jpg,https://data4library.kr/bookV?seq=6682845
165,165,슈뻘맨의 숨은 과학 찾기 :엉뚱 도전 속에 숨은 과학 상식,슈뻘맨 원작 ;류수형 그림,미래엔,2023,9791173111686,77400,5,400,자연과학 > 자연과학 > 자연과학,26375,https://image.aladin.co.kr/product/35090/86/cover200/k962934495_1.jpg,https://data4library.kr/bookV?seq=6968667
166,166,놓지 마 과학!,"글·그림: 신태훈,나승훈",위즈덤하우스,2016,9791168120266,67400,16,408,"자연과학 > 자연과학 > 전집, 총서",26364,https://image.aladin.co.kr/product/28334/81/cover/k832835905_1.jpg,https://data4library.kr/bookV?seq=6339071
167,167,놓지 마 과학!,"글·그림: 신태훈,나승훈",위즈덤하우스,2016,9791190630184,67400,13,408,"자연과학 > 자연과학 > 전집, 총서",26362,https://image.aladin.co.kr/product/23416/73/cover/k962638285_1.jpg,https://data4library.kr/bookV?seq=5601705
168,168,놓지 마 과학!,"글·그림: 신태훈,나승훈",위즈덤하우스,2016,9791190908184,67400,14,408,"자연과학 > 자연과학 > 전집, 총서",26344,https://image.aladin.co.kr/product/24628/1/cover/s982631798_1.jpg,https://data4library.kr/bookV?seq=5709267
169,169,놓지 마 과학!,"글·그림: 신태훈,나승훈",위즈덤하우스,2016,9791190305310,67400,12,408,"자연과학 > 자연과학 > 전집, 총서",26278,https://image.aladin.co.kr/product/21502/77/cover/k742636192_1.jpg,https://data4library.kr/bookV?seq=5516991
170,170,흔한남매 불꽃 튀는 우리말 1 - 초등 국어 고수 되기 프로젝트,흔한남매 (원작)|한은호,다산어린이,2021,9791130635712,,1,,,26142,https://bookthumb-phinf.pstatic.net/cover/180/044/18004469.jpg?type=m1&udate=20210218,https://data4library.kr/bookV?seq=5918291
171,171,흔한남매 과학 탐험대,원작: 흔한남매 ;임혜영,김영사,2021,9791173321610,77400,14,400,자연과학 > 자연과학 > 자연과학,26117,https://image.aladin.co.kr/product/36215/39/cover200/k562038627_2.jpg,https://data4library.kr/bookV?seq=7051427
172,172,설민석의 한국사 대모험,"글: 설민석,그림: 정현희",Dankkum i(단꿈아이),2022,9791193031681,74910,30,911,역사 > 아시아(아세아) > 한국,26064,https://shopping-phinf.pstatic.net/main_4987792/49877922652.20240820202651.jpg,https://data4library.kr/bookV?seq=6937911
173,173,설민석의 한국사 대모험,"글: 설민석,그림: 정현희",휴먼큐브,2017,9791196025809,74910,2,911,역사 > 아시아(아세아) > 한국,26035,http://image.aladin.co.kr/product/10227/84/cover/k782536886_2.jpg,https://data4library.kr/bookV?seq=3412785
174,174,"오늘 밤, 세계에서 이 사랑이 사라진다 해도 ",이치조 미사키 지음 ;권영주 옮김,바이포엠,2021,9791191043297,03830,,833.6,문학 > 일본문학 > 소설,26013,https://image.aladin.co.kr/product/27407/79/cover/k362732558_1.jpg,https://data4library.kr/bookV?seq=6036502
175,175,흔한남매 불꽃 튀는 우리말 :초등 국어 고수 되기 프로젝트,원작: 흔한남매 ;그림: 유희석,다산북스,2021,9791130640280,77700,3,710,언어 > 한국어 > 한국어,25993,https://image.aladin.co.kr/product/27833/74/cover/k162734674_1.jpg,https://data4library.kr/bookV?seq=6084991
176,176,나는 메트로폴리탄 미술관의 경비원입니다 :가장 경이로운 세계 속으로 숨어버린 한 남자의 이야기 ,패트릭 브링리 지음 ;조현주 옮김,웅진씽크빅,2023,9788901276533,03840,,848,문학 > 영미문학 > 르포르타주 및 기타,25896,https://image.aladin.co.kr/product/32892/38/cover/8901276534_2.jpg,https://data4library.kr/bookV?seq=6793850
177,177,완전한 행복 :정유정 장편소설 ,지은이: 정유정,은행나무,2021,9791167370280,03810,,813.7,문학 > 한국문학 > 소설,25879,https://image.aladin.co.kr/product/27225/29/cover/k432732398_2.jpg,https://data4library.kr/bookV?seq=5987427
178,178,(흔한 남매) 세계사 탐험대,"원작: 흔한남매,그림: 팀키즈",김영사,2024,9788934941330,77900,1,909,"역사 > 역사 > 세계사, 세계문화사",25865,https://shopping-phinf.pstatic.net/main_4991206/49912061623.20240830071621.jpg,https://data4library.kr/bookV?seq=6938502
179,179,흔한남매 불꽃 튀는 우리말 :초등 국어 고수 되기 프로젝트,원작: 흔한남매 ;그림: 유희석,다산북스,2021,9791130637594,77700,2,710,언어 > 한국어 > 한국어,25832,https://image.aladin.co.kr/product/27144/52/cover/k372731447_1.jpg,https://data4library.kr/bookV?seq=5982308
180,180,언젠가 우리가 같은 별을 바라본다면 :차인표 장편소설 ,글: 차인표,해결책,2021,9791191061048,43810,,813.7,문학 > 한국문학 > 소설,25715,https://image.aladin.co.kr/product/28513/21/cover/k882835835_1.jpg,https://data4library.kr/bookV?seq=6371836
181,181,호랑이 빵집,글: 서지원 ;그림: 홍그림,지학사,2023,9791162041376,74810,1,813.7,문학 > 한국문학 > 소설,25714,https://image.aladin.co.kr/product/30782/50/cover/k052832579_1.jpg,https://data4library.kr/bookV?seq=6653477
182,182,설민석의 한국사 대모험,"글: 설민석,그림: 정현희",Dankkum i(단꿈아이),2022,9791193031636,74910,29,911,역사 > 아시아(아세아) > 한국,25697,https://image.aladin.co.kr/product/34009/14/cover200/k542931865_1.jpg,https://data4library.kr/bookV?seq=6880705
183,183,가공범 ,지은이: 히가시노 게이고 ;옮긴이: 김선영,교보문고,2025,9791170612759,03830,,833.6,문학 > 일본문학 > 소설,25669,https://image.aladin.co.kr/product/36786/80/cover200/k472030698_2.jpg,https://data4library.kr/bookV?seq=7094855
184,184,시한부 :백은별 장편소설 ,지은이: 백은별,바른북스,2024,9791193647646,03810,,813.7,문학 > 한국문학 > 소설,25646,https://image.aladin.co.kr/product/33249/36/cover/k132938568_1.jpg,https://data4library.kr/bookV?seq=6821746
185,185,놓지 마 과학!,"글·그림: 신태훈,나승훈",위즈덤하우스,2016,9791191766318,67400,15,408,"자연과학 > 자연과학 > 전집, 총서",25601,https://image.aladin.co.kr/product/27685/48/cover/k642733336_1.jpg,https://data4library.kr/bookV?seq=6065677
186,186,너구리 라면 가게 ,글: 최설희 ;그림: 김덕영,다산북스,2025,9791130664606,77810,,813.7,문학 > 한국문학 > 소설,25542,https://image.aladin.co.kr/product/35978/9/cover200/k092037903_1.jpg,https://data4library.kr/bookV?seq=7022584
187,187,(이상한 과자 가게) 전천당,히로시마 레이코 글 ;김정화 옮김,길벗스쿨,2019,9791164060481,74830,1,833.6,문학 > 일본문학 > 소설,25364,https://image.aladin.co.kr/product/19610/47/cover/k282635522_1.jpg,https://data4library.kr/bookV?seq=5439175
188,188,흔한남매 불꽃 튀는 우리말 :초등 국어 고수 되기 프로젝트,원작: 흔한남매 ;그림: 유희석,다산북스,2021,9791130641607,77700,4,710,언어 > 한국어 > 한국어,25339,https://image.aladin.co.kr/product/28344/0/cover/k342835103_1.jpg,https://data4library.kr/bookV?seq=6339841
189,189,놓지 마 과학!,"글·그림: 신태훈,나승훈",위즈덤하우스,2016,9791190182737,67400,11,408,"자연과학 > 자연과학 > 전집, 총서",25248,https://image.aladin.co.kr/product/19973/36/cover/k292635940_1.jpg,https://data4library.kr/bookV?seq=5453374
190,190,당신이 누군가를 죽였다 ,지은이: 히가시노 게이고 ;옮긴이: 최고은,교보문고,2024,9791170611561,03830,,833.6,문학 > 일본문학 > 소설,25211,https://image.aladin.co.kr/product/34292/25/cover200/k692932177_1.jpg,https://data4library.kr/bookV?seq=6905647
191,191,설민석의 한국사 대모험,"글: 설민석,그림: 정현희",Dankkum i(단꿈아이),2022,9791193031742,74910,31,911,역사 > 아시아(아세아) > 한국,25201,https://image.aladin.co.kr/product/35261/46/cover200/k252934544_1.jpg,https://data4library.kr/bookV?seq=6977744
192,192,"넥서스 :석기시대부터 AI까지, 정보 네트워크로 보는 인류 역사 ",지은이: 유발 하라리 ;옮긴이: 김명주,김영사,2024,9791194330424,03900,,331.5412,"사회과학 > 사회학, 사회문제 > 사회학",25154,https://image.aladin.co.kr/product/34917/23/cover200/k022933254_1.jpg,https://data4library.kr/bookV?seq=6957908
193,193,백앤아 :교양이 층층 쌓이는 점프 맵,원작: 백앤아 ;그림: 돌만,샌드박스네트워크,2023,9791192504230,77810,2,031,총류 > 백과사전 > 한국어,25126,https://image.aladin.co.kr/product/31681/54/cover/k442833889_1.jpg,https://data4library.kr/bookV?seq=6693801
194,194,"사피엔스 :유인원에서 사이보그까지, 인간 역사의 대담하고 위대한 질문 ",지은이: 유발 하라리 ;옮긴이: 조현욱,김영사,2015,9788934972464,03900,,909,"역사 > 역사 > 세계사, 세계문화사",24892,https://bookthumb-phinf.pstatic.net/cover/097/807/09780781.jpg?type=m1&udate=20180721,https://data4library.kr/bookV?seq=3027835
195,195,불변의 법칙 :절대 변하지 않는 것들에 대한 23가지 이야기 ,지은이: 모건 하우절 ;옮긴이: 이수경,서삼독,2024,9791198517425,03320,,327.04,사회과학 > 경제학 > 금융,24881,https://image.aladin.co.kr/product/33406/14/cover/k272938139_1.jpg,https://data4library.kr/bookV?seq=6831811
196,196,빨간내복야코 안 읽으면 완전 위험한 과학책,빨간내복야코 원작 ;이영아 그림,위즈덤하우스,2024,9791171712793,77400,1,400,자연과학 > 자연과학 > 자연과학,24878,https://image.aladin.co.kr/product/34968/12/cover200/k342934566_1.jpg,https://data4library.kr/bookV?seq=6959950
197,197,빨간내복야코 맞춤법 절대 안 틀리는 책,빨간내복야코 원작 ;이영아 그림,위즈덤하우스,2024,9791171711451,73710,1,711,"언어 > 한국어 > 음운, 음성, 문자",24835,https://image.aladin.co.kr/product/33449/87/cover/k382938741_2.jpg,https://data4library.kr/bookV?seq=6833864
198,198,(흔한남매) 흔한 게임,원작: 흔한남매 ;그림: 도니패밀리,미래엔,2024,9791168418905,77810,1,810,문학 > 한국문학 > 한국문학,24834,https://image.aladin.co.kr/product/34539/7/cover200/k562932458_1.jpg,https://data4library.kr/bookV?seq=6936449
199,199,세이노의 가르침 :피보다 진하게 살아라 ,세이노 지음,데이원,2023,9791168473690,03190,,325.211,사회과학 > 경제학 > 경영관리,24657,https://image.aladin.co.kr/product/30929/51/cover/k732831392_1.jpg,https://data4library.kr/bookV?seq=6628064
200,200,메리골드 마음 세탁소 =윤정은 장편소설 /Marigold mind laundry ,글: 윤정은,북로망스,2023,9791191891287,03810,,813.7,문학 > 한국문학 > 소설,24634,https://image.aladin.co.kr/product/31222/5/cover/k562831250_2.jpg,https://data4library.kr/bookV?seq=6648006
