순번,순위,도서명,저자,출판사,발행년도,ISBN13,대출건수,주제분류명
1,1,소년이 온다 :한강 장편소설 ,지은이: 한강,창비,2014,9788936434120,31502,문학 > 한국문학 > 소설
2,2,작별하지 않는다 :한강 장편소설 ,지은이: 한강,문학동네,2021,9788954682152,26670,문학 > 한국문학 > 소설
3,3,불편한 편의점 :김호연 장편소설 ,지은이: 김호연,나무옆의자,2021,9791161571188,19625,문학 > 한국문학 > 소설
4,4,채식주의자:한강 연작소설,한강,창비,2007,9788936433598,17244,문학 > 한국문학 > 소설
5,5,채식주의자 :한강 장편소설 ,지은이: 한강,창비,2022,9788936434595,16216,문학 > 한국문학 > 소설
6,6,이처럼 사소한 것들 :클레어 키건 소설 ,지은이: 클레어 키건 ;옮긴이: 홍한별,다산북스,2023,9791130646381,14671,문학 > 영미문학 > 소설
7,7,흔한남매,원작: 흔한남매 ;그림: 유난희,미래엔,2019,9791168416369,14535,문학 > 한국문학 > 한국문학
8,8,흔한남매,원작: 흔한남매 ;그림: 유난희,미래엔,2019,9791168417199,14291,문학 > 한국문학 > 한국문학
9,9,흔한남매,원작: 흔한남매 ;그림: 유난희,미래엔,2019,9791168415232,14285,문학 > 한국문학 > 한국문학
10,10,이중 하나는 거짓말 :김애란 장편소설 ,지은이: 김애란,문학동네,2024,9791141601300,14276,문학 > 한국문학 > 소설
11,11,흔한남매,원작: 흔한남매 ;그림: 유난희,미래엔,2019,9791168411685,14268,문학 > 한국문학 > 한국문학
12,12,불편한 편의점 :김호연 장편소설,지은이: 김호연,나무옆의자,2022,9791161571379,14261,문학 > 한국문학 > 소설
13,13,흔한남매,원작: 흔한남매 ;그림: 유난희,미래엔,2019,9791164138197,14250,문학 > 한국문학 > 한국문학
14,13,흔한남매,원작: 흔한남매 ;그림: 유난희,미래엔,2019,9791168412477,14250,문학 > 한국문학 > 한국문학
15,15,흔한남매,원작: 흔한남매 ;그림: 유난희,미래엔,2019,9791164134267,14219,문학 > 한국문학 > 한국문학
16,16,흔한남매,원작: 흔한남매 ;그림: 유난희,미래엔,2019,9791168418011,14160,문학 > 한국문학 > 한국문학
17,17,흔한남매,원작: 흔한남매 ;그림: 유난희,미래엔,2019,9791164135592,14127,문학 > 한국문학 > 한국문학
18,18,흔한남매,원작: 흔한남매 ;그림: 유난희,미래엔,2019,9791168414471,14065,문학 > 한국문학 > 한국문학
19,19,흔한남매,원작: 흔한남매 ;그림: 유난희,미래엔,2019,9791164134847,13887,문학 > 한국문학 > 한국문학
20,20,흔한남매,원작: 흔한남매 ;그림: 유난희,미래엔,2019,9791164139897,13841,문학 > 한국문학 > 한국문학
21,21,희랍어 시간 :한강 장편소설 ,지은이: 한강,문학동네,2011,9788954616515,13796,문학 > 한국문학 > 소설
22,22,흔한남매,원작: 흔한남매 ;그림: 유난희,미래엔,2019,9791164137527,13709,문학 > 한국문학 > 한국문학
23,23,흔한남매,원작: 흔한남매 ;그림: 유난희,미래엔,2019,9791164131686,13606,문학 > 한국문학 > 한국문학
24,24,흔한남매,원작: 흔한남매 ;그림: 유난희,미래엔,2019,9791164136261,13592,문학 > 한국문학 > 한국문학
25,25,흔한남매,원작: 흔한남매 ;그림: 유난희,미래엔,2019,9791164132454,13439,문학 > 한국문학 > 한국문학
26,26,모순 :양귀자 장편소설 ,지은이: 양귀자,쓰다,2013,9788998441012,13418,문학 > 한국문학 > 소설
27,27,홍학의 자리 :정해연 장편소설 ,지은이: 정해연,문학동네,2021,9788954681155,13282,문학 > 한국문학 > 소설
28,28,흔한남매,원작: 흔한남매 ;그림: 유난희,미래엔,2019,9791168418844,13263,문학 > 한국문학 > 한국문학
29,29,흰 :한강 소설 ,지은이: 한강,문학동네,2018,9788954651134,12561,문학 > 한국문학 > 소설
30,30,고양이 해결사 깜냥,홍민정 동화 ;김재희 그림,창비,2020,9788936447694,12296,문학 > 한국문학 > 소설
31,31,흔한남매의 흔한 호기심 :일상에서 만나는 과학 상식,원작: 흔한남매 ;그림: 유난희,미래엔,2020,9791168415409,12097,자연과학 > 자연과학 > 자연과학
32,32,대온실 수리 보고서 :김금희 장편소설 ,지은이: 김금희,창비,2024,9788936439651,12076,문학 > 한국문학 > 소설
33,33,흔한남매의 흔한 호기심 :일상에서 만나는 과학 상식,원작: 흔한남매 ;그림: 유난희,미래엔,2020,9791164137121,12060,자연과학 > 자연과학 > 자연과학
34,34,마흔에 읽는 쇼펜하우어 :마음의 위기를 다스리는 철학 수업 ,강용수 지음,유노콘텐츠그룹,2023,9791192300818,11960,"철학 > 서양철학 > 독일, 오스트리아철학"
35,35,흔한남매의 흔한 호기심 :일상에서 만나는 과학 상식,원작: 흔한남매 ;그림: 유난희,미래엔,2020,9791168414488,11784,자연과학 > 자연과학 > 자연과학
36,36,"바람이 분다, 가라 :한강 장편소설 ",한강,문학과지성사,2010,9788932020006,11681,문학 > 한국문학 > 소설
37,37,흔한남매의 흔한 호기심 :일상에서 만나는 과학 상식,원작: 흔한남매 ;그림: 유난희,미래엔,2020,9791168411852,11677,자연과학 > 자연과학 > 자연과학
38,38,흔한남매의 흔한 호기심 :일상에서 만나는 과학 상식,원작: 흔한남매 ;그림: 유난희,미래엔,2020,9791164136032,11676,자연과학 > 자연과학 > 자연과학
39,39,흔한남매의 흔한 호기심 :일상에서 만나는 과학 상식,원작: 흔한남매 ;그림: 유난희,미래엔,2020,9791168416598,11653,자연과학 > 자연과학 > 자연과학
40,40,고양이 해결사 깜냥,홍민정 동화 ;김재희 그림,창비,2020,9788936448752,11631,문학 > 한국문학 > 소설
41,41,두 사람의 인터내셔널 :김기태 소설 ,지은이: 김기태,문학동네,2024,9788954697941,11629,문학 > 한국문학 > 소설
42,42,흔한남매의 흔한 호기심 :일상에서 만나는 과학 상식,원작: 흔한남매 ;그림: 유난희,미래엔,2020,9791164137923,11605,자연과학 > 자연과학 > 자연과학
43,43,흔한남매의 흔한 호기심 :일상에서 만나는 과학 상식,원작: 흔한남매 ;그림: 유난희,미래엔,2020,9791168413931,11538,자연과학 > 자연과학 > 자연과학
44,44,흔한남매의 흔한 호기심 :일상에서 만나는 과학 상식,원작: 흔한남매 ;그림: 유난희,미래엔,2020,9791168410848,11461,자연과학 > 자연과학 > 자연과학
45,45,고양이 해결사 깜냥,홍민정 동화 ;김재희 그림,창비,2020,9788936447861,11451,문학 > 한국문학 > 소설
46,46,나의 돈키호테 :김호연 장편소설 ,지은이: 김호연,나무옆의자,2024,9791161571768,11322,문학 > 한국문학 > 소설
47,47,흔한남매 과학 탐험대,원작: 흔한남매 ;임혜영,김영사,2021,9788934905851,11314,자연과학 > 자연과학 > 자연과학
48,48,흔한남매의 흔한 호기심 :일상에서 만나는 과학 상식,원작: 흔한남매 ;그림: 유난희,미래엔,2020,9791164138982,11264,자연과학 > 자연과학 > 자연과학
49,49,흔한남매의 흔한 호기심 :일상에서 만나는 과학 상식,원작: 흔한남매 ;그림: 유난희,미래엔,2020,9791168414822,11249,자연과학 > 자연과학 > 자연과학
50,50,흔한남매 이상한 나라의 고전 읽기,최재훈 글 ;정주연 그림,미래엔,2022,9791168416314,11171,문학 > 한국문학 > 소설
51,51,고양이 해결사 깜냥,홍민정 동화 ;김재희 그림,창비,2020,9788936448523,11100,문학 > 한국문학 > 소설
52,52,영원한 천국 :정유정 장편소설 ,지은이: 정유정,은행나무,2024,9791167374561,11073,문학 > 한국문학 > 소설
53,53,고양이 해결사 깜냥,홍민정 동화 ;김재희 그림,창비,2020,9788936448011,11039,문학 > 한국문학 > 소설
54,53,흔한남매 이상한 나라의 고전 읽기,최재훈 글 ;정주연 그림,미래엔,2022,9791168412248,11039,문학 > 한국문학 > 소설
55,55,흔한남매 과학 탐험대,원작: 흔한남매 ;임혜영,김영사,2021,9788934980254,10935,자연과학 > 자연과학 > 자연과학
56,56,흔한남매 이상한 나라의 고전 읽기,최재훈 글 ;정주연 그림,미래엔,2022,9791168415034,10926,문학 > 한국문학 > 소설
57,57,고양이 해결사 깜냥,홍민정 동화 ;김재희 그림,창비,2020,9788936448370,10924,문학 > 한국문학 > 소설
58,58,흔한남매 이상한 나라의 고전 읽기,최재훈 글 ;정주연 그림,미래엔,2022,9791168413955,10909,문학 > 한국문학 > 소설
59,59,흔한남매 과학 탐험대,원작: 흔한남매 ;임혜영,김영사,2021,9788934979814,10902,자연과학 > 자연과학 > 자연과학
60,60,달러구트 꿈 백화점 :주문하신 꿈은 매진입니다 ,지은이: 이미예,팩토리나인,2020,9791165341909,10880,문학 > 한국문학 > 소설
61,61,아버지의 해방일지 :정지아 장편소설 ,지은이: 정지아,창비,2022,9788936438838,10840,문학 > 한국문학 > 소설
62,62,흔한남매 과학 탐험대,원작: 흔한남매 ;임혜영,김영사,2021,9788934935193,10823,자연과학 > 자연과학 > 자연과학
63,63,흔한남매 과학 탐험대,원작: 흔한남매 ;임혜영,김영사,2021,9788934989257,10742,자연과학 > 자연과학 > 자연과학
64,64,흔한남매 과학 탐험대,원작: 흔한남매 ;임혜영,김영사,2021,9788934946625,10711,자연과학 > 자연과학 > 자연과학
65,65,흔한남매 이상한 나라의 고전 읽기,최재훈 글 ;정주연 그림,미래엔,2022,9791168415331,10674,문학 > 한국문학 > 소설
66,66,퓨처 셀프 :현재와 미래가 달라지는 놀라운 혁명 ,벤저민 하디 지음 ;최은아 옮김,상상스퀘어,2023,9791192389325,10664,사회과학 > 경제학 > 경영관리
67,67,어른의 행복은 조용하다 ,글: 태수,페이지2북스,2024,9791169851053,10657,문학 > 한국문학 > 르포르타주 및 기타
68,68,밝은 밤 :최은영 장편소설 ,지은이: 최은영,문학동네,2021,9788954681179,10597,문학 > 한국문학 > 소설
69,69,흔한남매 과학 탐험대,원작: 흔한남매 ;임혜영,김영사,2021,9788934944546,10559,자연과학 > 자연과학 > 자연과학
70,70,(2500년 동안 사랑받은) 초역 부처의 말 :행복으로 가는 길은 없다 행복이 곧 길이다 ,코이케 류노스케 지음 ;박재현 옮김,콘텐츠그룹 포레스트,2024,9791193506516,10400,"종교 > 불교 > 법어, 신앙록, 신앙생활"
71,71,고양이 해결사 깜냥,홍민정 동화 ;김재희 그림,창비,2020,9788936448134,10372,문학 > 한국문학 > 소설
72,72,에그박사 :Egg&bugs,원작: 에그박사 ;그림: 홍종현,미래엔,2020,9791168417984,10071,자연과학 > 생물과학 > 생물학
73,73,똥볶이 할멈 :K-히어로 판타지,글: 강효미 ;그림: 김무연,따끈따끈책방,2021,9791190409124,10061,문학 > 한국문학 > 소설
74,74,흔한남매 이무기 :이해하면 무서운 이야기,원작: 흔한남매 ;그림: 도니패밀리,미래엔,2023,9791168415577,10018,문학 > 한국문학 > 한국문학
75,75,(흔한남매) 별난 세계 여행,흔한남매 원작 ;정주연 그림,미래엔,2023,9791168415355,9969,역사 > 지리 > 지리
76,76,흔한남매 과학 탐험대 3 : 인체,"흔한남매 (원작), 이재국, 이현진, 서지은 (글), 김덕영 (그림), 정현철, 김희목, 권경아, 최진수, 박준건 (기획)",주니어김영사,2021,9788934983439,9964,
77,77,지구 끝의 온실 :김초엽 장편소설 ,지은이: 김초엽,Giant Books(자이언트북스),2021,9791191824001,9858,문학 > 한국문학 > 소설
78,78,나는 메트로폴리탄 미술관의 경비원입니다 :가장 경이로운 세계 속으로 숨어버린 한 남자의 이야기 ,패트릭 브링리 지음 ;조현주 옮김,웅진씽크빅,2023,9788901276533,9831,문학 > 영미문학 > 르포르타주 및 기타
79,79,흔한남매 과학 탐험대 5 : 물리 1,"흔한남매 (원작), 이현진, 닥터 스코 (글), 김덕영 (그림), 김희목 (감수), 김희목, 정현철, 권경아, 최진수 (기획)",주니어김영사,2022,9788934940753,9818,
80,80,당신이 누군가를 죽였다 ,지은이: 히가시노 게이고 ;옮긴이: 최고은,교보문고,2024,9791170611561,9812,문학 > 일본문학 > 소설
81,81,흔한남매의 흔한 호기심 :일상에서 만나는 과학 상식,원작: 흔한남매 ;그림: 유난희,미래엔,2020,9791168419018,9811,자연과학 > 자연과학 > 자연과학
82,82,흔한남매 과학 탐험대 4 : 물질,"흔한남매 (원작), 이현진, 닥터 스코 (글), 김덕영 (그림), 최진수 (감수), 정현철, 김희목, 권경아, 최진수 (기획)",주니어김영사,2022,9788934930549,9787,
83,83,에그박사 :Egg&bugs,원작: 에그박사 ;그림: 홍종현,미래엔,2020,9791168418783,9779,자연과학 > 생물과학 > 생물학
84,84,고전이 답했다 :마땅히 살아야 할 삶에 대하여 ,고명환 지음,라곰,2024,9791193939130,9770,"철학 > 윤리학, 도덕철학 > 도덕훈, 교훈"
85,85,"물고기는 존재하지 않는다 :상실, 사랑 그리고 숨어 있는 삶의 질서에 관한 이야기 ",룰루 밀러 지음 ;정지인 옮김,곰출판,2021,9791189327156,9747,자연과학 > 동물학 > 동물학
86,86,순례 주택 :유은실 소설 ,지은이: 유은실,비룡소,2021,9788949123493,9672,문학 > 한국문학 > 소설
87,87,똥볶이 할멈 :K-히어로 판타지,글: 강효미 ;그림: 김무연,따끈따끈책방,2021,9791198511577,9664,문학 > 한국문학 > 소설
88,88,죽이고 싶은 아이 :이꽃님 장편소설,지은이: 이꽃님,우리학교,2024,9791167552723,9656,문학 > 한국문학 > 소설
89,89,에그박사 :Egg&bugs,원작: 에그박사 ;그림: 홍종현,미래엔,2020,9791168415539,9634,자연과학 > 생물과학 > 생물학
90,90,흔한남매 과학 탐험대 6 : 물리 2,"흔한남매 (원작), 이현진, 닥터 스코 (글), 김덕영 (그림), 김희목 (감수), 김희목, 정현철, 권경아, 최진수 (기획)",주니어김영사,2022,9788934946793,9606,
91,91,급류 :정대건 장편소설 ,지은이: 정대건,민음사,2022,9788937473401,9605,문학 > 한국문학 > 소설
92,92,죽이고 싶은 아이 :이꽃님 장편소설 ,지은이: 이꽃님,우리학교,2021,9791190337755,9600,문학 > 한국문학 > 소설
93,93,"도둑맞은 집중력 :집중력 위기의 시대, 삶의 주도권을 되찾는 법 ",요한 하리 지음 ;김하현 옮김,어크로스(어크로스출판그룹),2023,9791167740984,9547,철학 > 심리학 > 각론
94,94,흔한남매 이상한 나라의 고전 읽기,최재훈 글 ;정주연 그림,미래엔,2022,9791168418950,9499,문학 > 한국문학 > 소설
95,95,언젠가 우리가 같은 별을 바라본다면 :차인표 장편소설 ,글: 차인표,해결책,2021,9791191061048,9487,문학 > 한국문학 > 소설
96,96,에그박사 :Egg&bugs,원작: 에그박사 ;그림: 홍종현,미래엔,2020,9791168416840,9469,자연과학 > 생물과학 > 생물학
97,97,아몬드 :손원평 장편소설 ,지은이: 손원평,창비,2017,9788936434267,9434,문학 > 한국문학 > 소설
98,98,흔한남매 오해요 :귀염 뽀짝 부캐들과 펼치는 초단편 콩트 만화 ,원작: 흔한남매 ;그림: 유난희,미래엔,2022,9791168410930,9393,문학 > 한국문학 > 한국문학
99,99,(흔한남매) 수수께끼 어드벤처 :수수께끼로 배우는 교과 지식,원작: 흔한남매 ;그림: 도니패밀리,미래엔,2022,9791168413078,9350,"사회과학 > 풍속, 민속학 > 민간전승"
100,99,"넥서스 :석기시대부터 AI까지, 정보 네트워크로 보는 인류 역사 ",지은이: 유발 하라리 ;옮긴이: 김명주,김영사,2024,9791194330424,9350,"사회과학 > 사회학, 사회문제 > 사회학"
101,101,(흔한남매) 수수께끼 어드벤처 :수수께끼로 배우는 교과 지식,원작: 흔한남매 ;그림: 도니패밀리,미래엔,2022,9791168415591,9258,"사회과학 > 풍속, 민속학 > 민간전승"
102,102,맡겨진 소녀 :클레어 키건 소설 ,지은이: 클레어 키건 ;옮긴이: 허진,다산북스,2023,9791130698199,9236,문학 > 영미문학 > 소설
103,103,(흔한남매) 수수께끼 어드벤처 :수수께끼로 배우는 교과 지식,원작: 흔한남매 ;그림: 도니패밀리,미래엔,2022,9791168417656,9234,"사회과학 > 풍속, 민속학 > 민간전승"
104,104,똥볶이 할멈 :K-히어로 판타지,글: 강효미 ;그림: 김무연,따끈따끈책방,2021,9791190409131,9226,문학 > 한국문학 > 소설
105,105,설민석의 한국사 대모험,"글: 설민석,그림: 정현희",휴먼큐브,2017,9791195794799,9205,역사 > 아시아(아세아) > 한국
106,106,흔한남매 과학 탐험대,원작: 흔한남매 ;임혜영,김영사,2021,9788934938224,9181,자연과학 > 자연과학 > 자연과학
107,107,똥볶이 할멈 :K-히어로 판타지,글: 강효미 ;그림: 김무연,따끈따끈책방,2021,9791190409148,9141,문학 > 한국문학 > 소설
108,108,야옹이 수영 교실 ,신현경 글 ;노예지 그림,인플루엔셜,2023,9791168341180,9135,문학 > 한국문학 > 소설
109,109,똥볶이 할멈 :K-히어로 판타지,글: 강효미 ;그림: 김무연,따끈따끈책방,2021,9791190409384,9108,문학 > 한국문학 > 소설
110,110,천 개의 파랑 :천선란 장편소설 ,지은이: 천선란,허블,2020,9791190090261,9101,문학 > 한국문학 > 소설
111,111,에그박사 :Egg&bugs,원작: 에그박사 ;그림: 홍종현,미래엔,2020,9791168411029,9067,자연과학 > 생물과학 > 생물학
112,112,(흔한남매) 수수께끼 어드벤처 :수수께끼로 배우는 교과 지식,원작: 흔한남매 ;그림: 도니패밀리,미래엔,2022,9791168414921,9039,"사회과학 > 풍속, 민속학 > 민간전승"
113,113,흔한남매 이무기 :이해하면 무서운 이야기,원작: 흔한남매 ;그림: 도니패밀리,미래엔,2023,9791168418516,9036,문학 > 한국문학 > 한국문학
114,114,에그박사 :Egg&bugs,원작: 에그박사 ;그림: 홍종현,미래엔,2020,9791164138425,9031,자연과학 > 생물과학 > 생물학
115,115,(흔한남매) 별난 세계 여행,흔한남매 원작 ;정주연 그림,미래엔,2023,9791168416628,9011,역사 > 지리 > 지리
116,116,체리새우 :황영미 장편소설 ,지은이: 황영미,문학동네,2019,9788954654753,9010,문학 > 한국문학 > 소설
117,117,(흔한남매) 별난 방탈출 :탈출 미션 스토리북,흔한남매 원작 ;차차 그림,미래엔,2020,9791164137176,8946,"예술 > 오락, 운동 > 오락"
118,118,긴긴밤 ,루리 글·그림,문학동네,2021,9788954677158,8925,문학 > 한국문학 > 소설
119,119,흔한남매 불꽃 튀는 우리말 1 - 초등 국어 고수 되기 프로젝트,흔한남매 (원작)|한은호,다산어린이,2021,9791130635712,8922,
120,120,흔한남매 불꽃 튀는 우리말 :초등 국어 고수 되기 프로젝트,원작: 흔한남매 ;그림: 유희석,다산북스,2021,9791130637594,8921,언어 > 한국어 > 한국어
121,121,흔한남매 불꽃 튀는 우리말 :초등 국어 고수 되기 프로젝트,원작: 흔한남매 ;그림: 유희석,다산북스,2021,9791130640280,8920,언어 > 한국어 > 한국어
122,122,똥볶이 할멈 :K-히어로 판타지,글: 강효미 ;그림: 김무연,따끈따끈책방,2021,9791190409261,8897,문학 > 한국문학 > 소설
123,123,돈의 속성 :최상위 부자가 말하는 돈에 대한 모든 것 ,지은이: 김승호,Snowfox(스노우폭스북스),2020,9791188331796,8856,사회과학 > 경제학 > 금융
124,124,종의 기원 =정유정 장편소설 /The origin of species ,지은이: 정유정,은행나무,2016,9788956609959,8850,문학 > 한국문학 > 소설
125,125,메리골드 마음 세탁소 =윤정은 장편소설 /Marigold mind laundry ,글: 윤정은,북로망스,2023,9791191891287,8840,문학 > 한국문학 > 소설
126,126,에그박사 :Egg&bugs,원작: 에그박사 ;그림: 홍종현,미래엔,2020,9791168415157,8839,자연과학 > 생물과학 > 생물학
127,127,(흔한남매) 안 흔한 일기,흔한남매 원작 ;조병주 그림,미래엔,2020,9791164134649,8798,"문학 > 한국문학 > 일기, 서간, 기행"
128,128,수박 수영장 :안녕달 그림책 ,지은이: 안녕달,창비,2015,9788936446819,8774,문학 > 한국문학 > 소설
129,129,에그박사 :Egg&bugs,원작: 에그박사 ;그림: 홍종현,미래엔,2020,9791168414075,8756,자연과학 > 생물과학 > 생물학
130,130,즐거운 어른 :이옥선 산문 ,지은이: 이옥선,이야기장수,2024,9791194184034,8741,문학 > 한국문학 > 르포르타주 및 기타
131,131,설민석의 한국사 대모험,"글: 설민석,그림: 정현희",Dankkum i(단꿈아이),2022,9791193031636,8714,역사 > 아시아(아세아) > 한국
132,132,(흔한남매) 별난 방탈출 :탈출 미션 스토리북,흔한남매 원작 ;차차 그림,미래엔,2020,9791164137879,8711,"예술 > 오락, 운동 > 오락"
133,133,설민석의 한국사 대모험,"글: 설민석,그림: 정현희",Dankkum i(단꿈아이),2022,9791193031681,8670,역사 > 아시아(아세아) > 한국
134,134,세이노의 가르침 :피보다 진하게 살아라 ,세이노 지음,데이원,2023,9791168473690,8655,사회과학 > 경제학 > 경영관리
135,135,비스킷 ,글: 김선미,위즈덤하우스,2023,9791168127630,8628,문학 > 한국문학 > 소설
136,136,흔한남매 불꽃 튀는 우리말 :초등 국어 고수 되기 프로젝트,원작: 흔한남매 ;그림: 유희석,다산북스,2021,9791130641607,8604,언어 > 한국어 > 한국어
137,136,에그박사 :Egg&bugs,원작: 에그박사 ;그림: 홍종현,미래엔,2020,9791164135738,8604,자연과학 > 생물과학 > 생물학
138,138,낭만 강아지 봉봉,홍민정 글 ;김무연 그림,다산북스,2022,9791130679990,8599,문학 > 한국문학 > 소설
139,139,돈의 심리학 :당신은 왜 부자가 되지 못했는가 ,모건 하우절 지음 ;이지연 옮김,인플루엔셜,2021,9791191056372,8596,사회과학 > 경제학 > 금융
140,140,(흔한남매) 별난 방탈출 :탈출 미션 스토리북,흔한남매 원작 ;차차 그림,미래엔,2020,9791168410541,8581,"예술 > 오락, 운동 > 오락"
141,141,에그박사 :Egg&bugs,원작: 에그박사 ;그림: 홍종현,미래엔,2020,9791164136438,8576,자연과학 > 생물과학 > 생물학
142,142,에그박사 :Egg&bugs,원작: 에그박사 ;그림: 홍종현,미래엔,2020,9791164137435,8547,자연과학 > 생물과학 > 생물학
143,143,(흔한남매) 안 흔한 일기,흔한남매 원작 ;조병주 그림,미래엔,2020,9791164135158,8539,"문학 > 한국문학 > 일기, 서간, 기행"
144,144,저속노화 식사법 :노년내과 의사가 알려주는 기적의 식단 혁명 ,정희원 지음,문학동네,2024,9791141606862,8521,"기술과학 > 의학 > 위생학, 공공의학"
145,145,츠츠츠츠 :이지은 그림책 ,글·그림: 이지은,사계절(사계절출판사),2024,9791169812085,8518,문학 > 한국문학 > 소설
146,146,에그박사 :Egg&bugs,원작: 에그박사 ;그림: 홍종현,미래엔,2020,9791168412279,8513,자연과학 > 생물과학 > 생물학
147,147,당연하게도 나는 너를 :이꽃님 장편소설 ,지은이: 이꽃님,우리학교,2023,9791167550972,8505,문학 > 한국문학 > 소설
148,148,설민석의 한국사 대모험,"글: 설민석,그림: 정현희",휴먼큐브,2017,9791196025809,8483,역사 > 아시아(아세아) > 한국
149,149,놓지 마 과학!,"글·그림: 신태훈,나승훈",위즈덤하우스,2016,9791168122369,8470,"자연과학 > 자연과학 > 전집, 총서"
150,150,놓지 마 과학!,"글·그림: 신태훈,나승훈",위즈덤하우스,2016,9791171712267,8462,"자연과학 > 자연과학 > 전집, 총서"
151,151,(이상한 과자 가게) 전천당,히로시마 레이코 글 ;김정화 옮김,길벗스쿨,2019,9791164060481,8443,문학 > 일본문학 > 소설
152,152,흔한남매,원작: 흔한남매 ;그림: 유난희,미래엔,2019,9791173114038,8440,문학 > 한국문학 > 한국문학
153,153,(흔한남매) 별난 방탈출 :탈출 미션 스토리북,흔한남매 원작 ;차차 그림,미래엔,2020,9791164138715,8433,"예술 > 오락, 운동 > 오락"
154,154,낭만 강아지 봉봉,홍민정 글 ;김무연 그림,다산북스,2022,9791130653433,8420,문학 > 한국문학 > 소설
155,155,에그박사 :Egg&bugs,원작: 에그박사 ;그림: 홍종현,미래엔,2020,9791164139750,8389,자연과학 > 생물과학 > 생물학
156,156,(흔한남매) 별난 방탈출 :탈출 미션 스토리북,흔한남매 원작 ;차차 그림,미래엔,2020,9791168411692,8379,"예술 > 오락, 운동 > 오락"
157,157,"어서오세요, 휴남동 서점입니다 :황보름 장편소설 ",지은이: 황보름,클레이하우스,2022,9791197377143,8369,문학 > 한국문학 > 소설
158,158,슈뻘맨의 숨은 과학 찾기 :엉뚱 도전 속에 숨은 과학 상식,슈뻘맨 원작 ;류수형 그림,미래엔,2023,9791168417786,8363,자연과학 > 자연과학 > 자연과학
159,159,당근 할머니 :안녕달 그림책 ,지은이: 안녕달,창비,2024,9788936429232,8342,문학 > 한국문학 > 소설
160,160,불변의 법칙 :절대 변하지 않는 것들에 대한 23가지 이야기 ,지은이: 모건 하우절 ;옮긴이: 이수경,서삼독,2024,9791198517425,8315,사회과학 > 경제학 > 금융
161,161,세계를 건너 너에게 갈게 :이꽃님 장편소설 ,글쓴이: 이꽃님,문학동네,2018,9788954650212,8309,문학 > 한국문학 > 소설
162,162,놓지 마 과학!,"글·그림: 신태훈,나승훈",위즈덤하우스,2016,9791168126336,8289,"자연과학 > 자연과학 > 전집, 총서"
163,163,너에게 들려주는 단단한 말 ,김종원 지음,퍼스트펭귄,2024,9791198682550,8268,"철학 > 윤리학, 도덕철학 > 도덕훈, 교훈"
164,164,서랍에 저녁을 넣어 두었다 :한강 시집 ,지은이: 한강,문학과지성사,2013,9788932024639,8267,문학 > 한국문학 > 시
165,165,바깥은 여름 :김애란 소설 ,지은이: 김애란,문학동네,2017,9788954646079,8251,문학 > 한국문학 > 소설
166,166,(흔한남매) 별난 세계 여행,흔한남매 원작 ;정주연 그림,미래엔,2023,9791168418424,8249,역사 > 지리 > 지리
167,167,아주 희미한 빛으로도 :최은영 소설 ,지은이: 최은영,문학동네,2023,9788954695053,8240,문학 > 한국문학 > 소설
168,168,(흔한남매) 안 흔한 일기,흔한남매 원작 ;조병주 그림,미래엔,2020,9791164136223,8239,"문학 > 한국문학 > 일기, 서간, 기행"
169,169,한강 ,지은이: 한강,문학동네,2023,9788954693462,8234,문학 > 한국문학 > 한국문학
170,170,놓지 마 과학!,"글·그림: 신태훈,나승훈",위즈덤하우스,2016,9791190305310,8191,"자연과학 > 자연과학 > 전집, 총서"
171,171,슈뻘맨의 숨은 과학 찾기 :엉뚱 도전 속에 숨은 과학 상식,슈뻘맨 원작 ;류수형 그림,미래엔,2023,9791168415188,8157,자연과학 > 자연과학 > 자연과학
172,172,놓지 마 과학!,"글·그림: 신태훈,나승훈",위즈덤하우스,2016,9791190630184,8156,"자연과학 > 자연과학 > 전집, 총서"
173,173,설민석의 한국사 대모험,"글: 설민석,그림: 정현희",Dankkum i(단꿈아이),2022,9791193031452,8127,역사 > 아시아(아세아) > 한국
174,174,놓지 마 과학!,"글·그림: 신태훈,나승훈",위즈덤하우스,2016,9791168120266,8108,"자연과학 > 자연과학 > 전집, 총서"
175,175,흔한남매 불꽃 튀는 우리말 5 - 초등 국어 고수 되기 프로젝트,"한은호 (지은이), 흔한남매 (원작), 유희석 (그림), 흔한컴퍼니 (감수)",다산어린이,2022,9791130679266,8090,
176,175,놓지 마 과학!,"글·그림: 신태훈,나승훈",위즈덤하우스,2016,9791190908184,8090,"자연과학 > 자연과학 > 전집, 총서"
177,177,슈뻘맨의 숨은 과학 찾기 :엉뚱 도전 속에 숨은 과학 상식,슈뻘맨 원작 ;류수형 그림,미래엔,2023,9791168415171,8082,자연과학 > 자연과학 > 자연과학
178,178,세상의 마지막 기차역 ,무라세 다케시 지음 ;김지연 옮김,바이포엠 스튜디오,2022,9791191043754,8011,문학 > 일본문학 > 소설
179,179,"사피엔스 :유인원에서 사이보그까지, 인간 역사의 대담하고 위대한 질문 ",지은이: 유발 하라리 ;옮긴이: 조현욱,김영사,2015,9788934972464,7992,"역사 > 역사 > 세계사, 세계문화사"
180,180,놓지 마 과학!,"글·그림: 신태훈,나승훈",위즈덤하우스,2016,9791191766318,7977,"자연과학 > 자연과학 > 전집, 총서"
181,180,바다가 들리는 편의점 ,마치다 소노코 지음 ;황국영 옮김,바이포엠 스튜디오,2023,9791192579504,7977,문학 > 일본문학 > 소설
182,182,여름을 한 입 베어 물었더니 :이꽃님 장편소설 ,글쓴이: 이꽃님,문학동네,2023,9788954694575,7952,문학 > 한국문학 > 소설
183,183,슈뻘맨의 숨은 과학 찾기 :엉뚱 도전 속에 숨은 과학 상식,슈뻘맨 원작 ;류수형 그림,미래엔,2023,9791168418462,7931,자연과학 > 자연과학 > 자연과학
184,184,설민석의 한국사 대모험,"글: 설민석,그림: 정현희",Dankkum i(단꿈아이),2022,9791193031100,7930,역사 > 아시아(아세아) > 한국
185,185,놓지 마 과학!,"글·그림: 신태훈,나승훈",위즈덤하우스,2016,9791190182737,7927,"자연과학 > 자연과학 > 전집, 총서"
186,186,늪 100층짜리 집 ,글·그림: 이와이 도시오 ;옮김: 김숙,북뱅크,2024,9788966351985,7901,문학 > 일본문학 > 소설
187,187,아홉 살 마음 사전 ,박성우 글 ;김효은 그림,창비,2017,9788936447014,7853,철학 > 심리학 > 각론
188,188,우리가 빛의 속도로 갈 수 없다면 :김초엽 소설 ,지은이: 김초엽,허블,2019,9791190090018,7828,문학 > 한국문학 > 소설
189,189,흔한남매 과학 탐험대,원작: 흔한남매 ;임혜영,김영사,2021,9791194330592,7825,자연과학 > 자연과학 > 자연과학
190,190,완전한 행복 :정유정 장편소설 ,지은이: 정유정,은행나무,2021,9791167370280,7815,문학 > 한국문학 > 소설
191,191,호랑이 빵집,글: 서지원 ;그림: 홍그림,지학사,2023,9791162041376,7808,문학 > 한국문학 > 소설
192,192,낭만 강아지 봉봉,홍민정 글 ;김무연 그림,다산북스,2022,9791130622590,7793,문학 > 한국문학 > 소설
193,193,백앤아 :교양이 층층 쌓이는 점프 맵,원작: 백앤아 ;그림: 돌만,샌드박스네트워크,2023,9791192504230,7756,총류 > 백과사전 > 한국어
194,194,설민석의 한국사 대모험,"글: 설민석,그림: 정현희",휴먼큐브,2017,9791196025847,7743,역사 > 아시아(아세아) > 한국
195,195,설민석의 한국사 대모험,"글: 설민석,그림: 정현희",휴먼큐브,2017,9791196025861,7726,역사 > 아시아(아세아) > 한국
196,196,설민석의 한국사 대모험,"글: 설민석,그림: 정현희",휴먼큐브,2017,9791196232160,7649,역사 > 아시아(아세아) > 한국
197,197,설민석의 한국사 대모험,"글: 설민석,그림: 정현희",Dankkum i(단꿈아이),2022,9791191496208,7645,역사 > 아시아(아세아) > 한국
198,198,설민석의 한국사 대모험,"글: 설민석,그림: 정현희",Dankkum i(단꿈아이),2022,9791193031025,7624,역사 > 아시아(아세아) > 한국
199,199,설민석의 한국사 대모험,"글: 설민석,그림: 정현희",Dankkum i(단꿈아이),2022,9791198179913,7617,역사 > 아시아(아세아) > 한국
200,200,아주 작은 습관의 힘 :최고의 변화는 어떻게 만들어지는가 ,제임스 클리어 지음 ;이한이 옮김,비즈니스북스,2019,9791162540640,7609,철학 > 심리학 > 각론
