기준월,시도,승합차,승용차,특수차
202109,강원,55476,1261250,8118
202109,경기,397394,10226232,48366
202109,경남,103524,2937008,18528
202109,경북,93610,2236330,17782
202109,광주,37992,1166620,6472
202109,대구,58406,2041336,8286
202109,대전,38724,1164682,6234
202109,부산,80664,2433398,22780
202109,서울,203440,5473336,19392
202109,세종,8520,320468,1286
202109,울산,28134,982170,6350
202109,인천,92478,2842340,16320
202109,전남,77446,1727078,16244
202109,전북,63324,1465626,9212
202109,제주,36778,1092792,3296
202109,충남,80490,1797054,12270
202109,충북,57672,1390254,10150
202110,강원,55338,1264988,8248
202110,경기,395892,10251402,48878
202110,경남,103206,2943178,18622
202110,경북,93374,2239770,17926
202110,광주,37876,1168234,6556
202110,대구,58002,2041940,8364
202110,대전,38432,1166078,6298
202110,부산,80416,2438592,22824
202110,서울,202628,5473092,19450
202110,세종,8654,322534,1332
202110,울산,28080,983178,6414
202110,인천,91832,2841964,16430
202110,전남,77314,1734338,16332
202110,전북,63180,1467432,9284
202110,제주,36696,1098186,3328
202110,충남,80280,1801368,12486
202110,충북,57436,1392706,10220
202111,강원,55110,1268398,8354
202111,경기,394584,10281466,49358
202111,경남,102864,2950264,18744
202111,경북,93226,2244550,18074
202111,광주,37768,1170354,6610
202111,대구,57868,2042844,8414
202111,대전,38240,1168140,6376
202111,부산,80144,2445612,22834
202111,서울,201770,5479958,19592
202111,세종,8646,324056,1356
202111,울산,28034,985038,6482
202111,인천,91304,2847568,16474
202111,전남,77352,1741058,16424
202111,전북,63080,1470030,9430
202111,제주,36708,1105102,3448
202111,충남,80194,1805954,12658
202111,충북,57232,1395612,10304
202112,강원,54938,1270796,8480
202112,경기,393820,10312594,49810
202112,경남,102558,2956810,18850
202112,경북,93094,2247252,18204
202112,광주,37688,1172592,6630
202112,대구,57656,2044562,8536
202112,대전,38262,1169346,6428
202112,부산,79908,2453966,22938
202112,서울,200806,5480088,19742
202112,세종,8664,326700,1388
202112,울산,27966,986234,6536
202112,인천,90584,2854562,16612
202112,전남,77226,1756704,16560
202112,전북,62994,1470722,9550
202112,제주,36588,1110754,3470
202112,충남,80072,1809654,12860
202112,충북,57112,1397960,10426
202201,강원,54866,1274716,8554
202201,경기,393238,10343634,50334
202201,경남,102490,2964828,19096
202201,경북,93034,2252212,18430
202201,광주,37682,1175578,6696
202201,대구,57492,2047886,8648
202201,대전,38118,1171384,6466
202201,부산,79742,2461168,23084
202201,서울,199718,5483694,19958
202201,세종,8682,329642,1396
202201,울산,27884,988072,6586
202201,인천,90018,2863624,16706
202201,전남,76760,1761376,16656
202201,전북,62844,1473544,9640
202201,제주,36486,1116908,3494
202201,충남,79944,1814718,12874
202201,충북,56956,1401040,10578
202202,강원,54642,1277308,8672
202202,경기,392232,10361882,50884
202202,경남,102084,2970560,19256
202202,경북,92946,2255504,18592
202202,광주,37608,1176432,6772
202202,대구,57260,2049472,8748
202202,대전,37990,1172708,6514
202202,부산,79548,2468580,23184
202202,서울,199084,5487240,20068
202202,세종,8724,331596,1432
202202,울산,27818,989190,6604
202202,인천,89648,2870330,16782
202202,전남,76572,1767276,16712
202202,전북,62702,1475398,9734
202202,제주,36402,1121554,3512
202202,충남,79752,1818938,12918
202202,충북,57004,1404004,10646
202203,강원,54632,1280828,8764
202203,경기,390864,10392418,51556
202203,경남,101450,2980060,19404
202203,경북,92674,2260412,18802
202203,광주,37416,1179510,6882
202203,대구,57068,2052842,8786
202203,대전,37762,1175476,6588
202203,부산,78818,2475498,23270
202203,서울,198162,5490538,20242
202203,세종,8698,333002,1448
202203,울산,27630,989778,6668
202203,인천,89162,2879766,16852
202203,전남,76226,1771570,16796
202203,전북,62502,1478696,9832
202203,제주,36204,1127282,3548
202203,충남,79634,1824672,13076
202203,충북,56802,1408234,10742
202204,강원,54464,1283842,8862
202204,경기,389482,10423912,52176
202204,경남,100858,2988540,19520
202204,경북,92324,2264018,18908
202204,광주,37016,1180694,6892
202204,대구,56770,2056512,8844
202204,대전,37456,1179052,6648
202204,부산,78454,2482208,23340
202204,서울,197374,5495440,20568
202204,세종,8642,334424,1468
202204,울산,27446,990196,6686
202204,인천,88560,2885142,16916
202204,전남,75990,1783012,16866
202204,전북,62108,1480744,9888
202204,제주,36162,1134622,3596
202204,충남,79176,1828990,13200
202204,충북,56566,1411634,10830
202205,강원,54130,1286742,9008
202205,경기,388184,10450752,52736
202205,경남,100404,2998504,19708
202205,경북,91908,2266002,18938
202205,광주,36766,1182304,6968
202205,대구,56474,2058638,8956
202205,대전,37254,1181762,6704
202205,부산,78096,2489724,23352
202205,서울,196762,5501294,20694
202205,세종,8616,335810,1502
202205,울산,27266,991068,6734
202205,인천,88014,2893532,17002
202205,전남,75758,1789980,16888
202205,전북,61890,1482010,10022
202205,제주,35998,1140858,3702
202205,충남,78988,1833234,13376
202205,충북,56440,1414744,10914
202206,강원,54014,1289974,9082
202206,경기,387242,10476626,53252
202206,경남,100034,3008424,19852
202206,경북,91782,2268430,19074
202206,광주,36552,1184464,7042
202206,대구,56372,2062306,9020
202206,대전,37138,1183686,6768
202206,부산,77932,2497144,23414
202206,서울,196290,5506586,20880
202206,세종,8654,337078,1512
202206,울산,27292,992264,6806
202206,인천,87514,2900368,17098
202206,전남,75700,1798466,16932
202206,전북,61854,1484856,10112
202206,제주,35856,1143570,3706
202206,충남,78876,1838236,13554
202206,충북,56372,1417658,11066
202207,강원,53966,1293766,9200
202207,경기,386208,10503406,53744
202207,경남,99726,3022128,19962
202207,경북,91680,2273226,19300
202207,광주,36488,1187126,7082
202207,대구,56150,2067742,9094
202207,대전,36976,1187420,6870
202207,부산,77758,2501310,23540
202207,서울,195690,5512478,21076
202207,세종,8648,338386,1546
202207,울산,27228,992606,6846
202207,인천,87334,2909614,17236
202207,전남,75712,1808758,17092
202207,전북,61764,1487364,10210
202207,제주,35808,1149184,3786
202207,충남,78728,1844560,13720
202207,충북,56304,1422110,11148
202208,강원,53758,1297088,9292
202208,경기,385024,10514204,54182
202208,경남,99514,3030638,20092
202208,경북,91524,2276550,19394
202208,광주,36406,1188948,7126
202208,대구,56030,2070668,9196
202208,대전,36874,1189340,6924
202208,부산,77502,2504050,23630
202208,서울,195090,5512744,21280
202208,세종,8638,339116,1548
202208,울산,27160,992782,6878
202208,인천,86928,2914336,17314
202208,전남,75808,1814052,17204
202208,전북,61610,1489270,10340
202208,제주,35856,1153702,3836
202208,충남,78632,1848390,13862
202208,충북,56246,1425126,11248
202209,강원,53690,1300738,9330
202209,경기,383756,10542364,54748
202209,경남,99148,3036292,20226
202209,경북,91208,2272250,19558
202209,광주,36296,1191336,7228
202209,대구,55890,2072800,9252
202209,대전,36680,1191656,6972
202209,부산,77290,2508898,23742
202209,서울,194394,5516700,21444
202209,세종,8618,339982,1566
202209,울산,27040,993604,6904
202209,인천,86372,2914240,17368
202209,전남,75890,1821354,17276
202209,전북,61488,1491570,10430
202209,제주,35796,1156468,3860
202209,충남,78352,1853224,13998
202209,충북,56170,1428376,11358
202210,강원,53508,1303612,9394
202210,경기,382838,10563730,55242
202210,경남,98922,3044886,20292
202210,경북,90944,2276706,19706
202210,광주,36160,1193104,7232
202210,대구,55740,2075362,9294
202210,대전,36584,1193234,7036
202210,부산,77078,2515542,23842
202210,서울,193682,5517824,21468
202210,세종,8534,340926,1606
202210,울산,26996,994894,6910
202210,인천,86174,2895242,17444
202210,전남,75812,1856458,17402
202210,전북,61418,1493684,10524
202210,제주,35628,1159956,3894
202210,충남,78188,1857754,14112
202210,충북,56018,1431230,11426
202211,강원,53442,1307466,9500
202211,경기,381894,10594180,55676
202211,경남,98988,3062078,20358
202211,경북,90812,2282548,19898
202211,광주,36128,1195836,7298
202211,대구,55686,2079980,9328
202211,대전,36480,1196016,7072
202211,부산,76826,2521340,23908
202211,서울,193028,5523402,21538
202211,세종,8508,342262,1620
202211,울산,26974,996686,6952
202211,인천,84996,2887080,17596
202211,전남,76308,1874422,17496
202211,전북,61302,1497048,10646
202211,제주,35614,1163984,3914
202211,충남,78204,1864548,14218
202211,충북,55992,1434896,11500
202212,강원,53280,1310488,9542
202212,경기,381852,10623892,56060
202212,경남,98984,3079332,20464
202212,경북,90712,2286992,20018
202212,광주,35992,1197758,7366
202212,대구,55568,2081936,9390
202212,대전,36326,1198082,7080
202212,부산,76538,2525242,23982
202212,서울,192170,5527460,21660
202212,세종,8502,343272,1622
202212,울산,26890,997426,6964
202212,인천,84240,2885952,17738
202212,전남,76144,1876350,17532
202212,전북,61236,1499982,10758
202212,제주,35526,1164662,3952
202212,충남,78068,1869192,14316
202212,충북,55894,1437500,11638
202301,강원,53202,1314136,9614
202301,경기,380838,10649672,56464
202301,경남,98818,3086892,20582
202301,경북,90612,2294050,20108
202301,광주,35990,1199342,7386
202301,대구,55432,2085438,9428
202301,대전,36238,1200866,7128
202301,부산,76372,2529716,24054
202301,서울,191656,5531564,21690
202301,세종,8458,344852,1634
202301,울산,26860,1000486,6984
202301,인천,83936,2892460,17828
202301,전남,75810,1878642,17634
202301,전북,61134,1503852,10828
202301,제주,35476,1167740,3998
202301,충남,78074,1876306,14324
202301,충북,55882,1442746,11698
202302,강원,53182,1317116,9696
202302,경기,380042,10665146,56652
202302,경남,98808,3093622,20678
202302,경북,90554,2300098,20212
202302,광주,35914,1200486,7462
202302,대구,55306,2086848,9468
202302,대전,36194,1202538,7176
202302,부산,76150,2535026,24048
202302,서울,190820,5529482,21822
202302,세종,8396,346276,1638
202302,울산,26814,1002830,7002
202302,인천,83690,2895968,17934
202302,전남,75638,1880916,17686
202302,전북,61100,1506520,10906
202302,제주,35424,1170652,4014
202302,충남,77988,1883256,14360
202302,충북,55822,1447158,11774
202303,강원,53022,1321350,9798
202303,경기,377642,10695136,57060
202303,경남,98290,3098278,20782
202303,경북,90334,2305926,20346
202303,광주,35820,1203882,7512
202303,대구,55174,2087764,9476
202303,대전,35896,1203906,7180
202303,부산,75754,2540262,24074
202303,서울,189854,5536628,22008
202303,세종,8440,347498,1648
202303,울산,26654,1005240,7026
202303,인천,83084,2899196,18000
202303,전남,75684,1882882,17764
202303,전북,60908,1510476,10964
202303,제주,35340,1172764,4056
202303,충남,77766,1890448,14386
202303,충북,55688,1451612,11876
202304,강원,52590,1323044,9880
202304,경기,375986,10724932,57418
202304,경남,97620,3102854,20790
202304,경북,89942,2310316,20416
202304,광주,35544,1204918,7552
202304,대구,54888,2089760,9490
202304,대전,35690,1205700,7246
202304,부산,75448,2546212,24084
202304,서울,188840,5538620,22098
202304,세종,8378,348280,1636
202304,울산,26554,1007614,7076
202304,인천,82474,2907018,18052
202304,전남,75302,1882888,17850
202304,전북,60508,1512714,11022
202304,제주,35464,1175270,4132
202304,충남,77368,1895526,14476
202304,충북,55516,1454236,11966
202305,강원,52334,1325414,9992
202305,경기,374402,10746136,57782
202305,경남,97348,3114240,20866
202305,경북,89544,2313094,20470
202305,광주,35364,1205198,7586
202305,대구,54712,2090472,9558
202305,대전,35576,1207490,7292
202305,부산,75288,2550086,24108
202305,서울,187958,5538080,22260
202305,세종,8360,348652,1632
202305,울산,26496,1009176,7104
202305,인천,81828,2909206,18084
202305,전남,75222,1889618,17944
202305,전북,59996,1513428,11064
202305,제주,35360,1177210,4136
202305,충남,76820,1899358,14570
202305,충북,55140,1457856,12036
202306,강원,52216,1328102,10068
202306,경기,373264,10778650,58212
202306,경남,97086,3128214,21000
202306,경북,89312,2316182,20616
202306,광주,35178,1206918,7630
202306,대구,54576,2094706,9638
202306,대전,35414,1211964,7350
202306,부산,75034,2555520,24180
202306,서울,187296,5543330,22436
202306,세종,8346,349478,1654
202306,울산,26412,1011338,7124
202306,인천,81494,2926004,18150
202306,전남,74820,1885144,18012
202306,전북,59742,1515642,11104
202306,제주,35268,1177108,4146
202306,충남,76478,1904584,14680
202306,충북,55032,1460178,12114
202307,강원,52094,1330248,10150
202307,경기,371824,10797974,58606
202307,경남,96798,3137950,21120
202307,경북,88218,2299974,20640
202307,광주,35082,1208426,7690
202307,대구,55330,2115520,9834
202307,대전,35444,1215734,7376
202307,부산,74804,2560012,24232
202307,서울,186594,5545424,22494
202307,세종,8356,349864,1648
202307,울산,26336,1012240,7156
202307,인천,81208,2945162,18270
202307,전남,74760,1874932,18088
202307,전북,59594,1518022,11114
202307,제주,35146,1180148,4218
202307,충남,76166,1908706,14796
202307,충북,54940,1462310,12140
202308,강원,51800,1331524,10226
202308,경기,370290,10809078,59104
202308,경남,96428,3141860,21232
202308,경북,87980,2301760,20728
202308,광주,34924,1209234,7758
202308,대구,55216,2116618,9902
202308,대전,35094,1216560,7378
202308,부산,74474,2563422,24296
202308,서울,185440,5544184,22504
202308,세종,8318,349838,1660
202308,울산,26302,1013074,7182
202308,인천,80972,2946856,18300
202308,전남,74446,1875730,18112
202308,전북,59380,1518462,11172
202308,제주,35048,1180810,4320
202308,충남,75972,1911994,14890
202308,충북,54850,1464364,12214
202309,강원,51570,1333906,10302
202309,경기,369264,10832896,59404
202309,경남,96032,3146670,21372
202309,경북,87680,2304596,20818
202309,광주,34790,1211730,7788
202309,대구,55046,2120122,9974
202309,대전,34932,1219600,7388
202309,부산,74210,2569382,24380
202309,서울,184528,5549370,22558
202309,세종,8324,350370,1668
202309,울산,26208,1014246,7212
202309,인천,80372,2952218,18336
202309,전남,74242,1880094,18142
202309,전북,59288,1520656,11228
202309,제주,34966,1184546,4358
202309,충남,75800,1916616,14992
202309,충북,54662,1467652,12284
202310,강원,51400,1334988,10350
202310,경기,367694,10851610,59644
202310,경남,95812,3154652,21486
202310,경북,87448,2305626,20866
202310,광주,34624,1212988,7870
202310,대구,54868,2120706,10072
202310,대전,34776,1221864,7450
202310,부산,74038,2574266,24452
202310,서울,183484,5550230,22640
202310,세종,8262,350812,1680
202310,울산,26162,1015376,7208
202310,인천,79922,2952608,18436
202310,전남,74148,1883344,18174
202310,전북,59182,1521636,11264
202310,제주,34744,1186306,4364
202310,충남,75572,1920450,15060
202310,충북,54520,1468126,12340
202311,강원,51132,1337042,10402
202311,경기,366602,10888372,59970
202311,경남,95538,3166166,21592
202311,경북,87352,2309258,20964
202311,광주,34572,1215704,7932
202311,대구,54670,2124676,10090
202311,대전,34674,1227050,7518
202311,부산,73664,2580014,24496
202311,서울,182548,5551404,22652
202311,세종,8256,351232,1686
202311,울산,26010,1017406,7238
202311,인천,79714,2950878,18482
202311,전남,73902,1889254,18252
202311,전북,58854,1524836,11382
202311,제주,34586,1187340,4382
202311,충남,75422,1925852,15154
202311,충북,54300,1471258,12390
202312,강원,50954,1338464,10592
202312,경기,366110,10906908,60450
202312,경남,95368,3171204,21666
202312,경북,87114,2311360,21076
202312,광주,34522,1217012,7946
202312,대구,54668,2127116,10142
202312,대전,34608,1230506,7580
202312,부산,73454,2584658,24540
202312,서울,182134,5552232,22778
202312,세종,8230,351684,1674
202312,울산,25914,1018202,7258
202312,인천,79678,2958900,18510
202312,전남,73722,1894932,18364
202312,전북,58790,1526312,11426
202312,제주,34478,1188278,4384
202312,충남,75242,1929586,15182
202312,충북,54162,1473050,12482
202401,강원,50820,1340972,10708
202401,경기,365130,10931740,60668
202401,경남,95292,3177572,21760
202401,경북,86916,2316356,21178
202401,광주,34452,1219446,8028
202401,대구,54554,2129310,10236
202401,대전,34552,1235298,7548
202401,부산,73276,2589198,24620
202401,서울,181488,5553484,22818
202401,세종,8192,352678,1678
202401,울산,25878,1020640,7298
202401,인천,79634,2963066,18590
202401,전남,73296,1898416,18432
202401,전북,58714,1529572,11516
202401,제주,34400,1188378,4416
202401,충남,75256,1936490,15282
202401,충북,53976,1476466,12648
202402,강원,50750,1343026,10780
202402,경기,363840,10945398,60952
202402,경남,95124,3184654,21864
202402,경북,86920,2320390,21324
202402,광주,34340,1220650,8052
202402,대구,54430,2129746,10282
202402,대전,34560,1237106,7596
202402,부산,73104,2591960,24690
202402,서울,181058,5552648,22800
202402,세종,8212,353614,1690
202402,울산,25842,1022048,7322
202402,인천,79542,2966382,18612
202402,전남,73056,1901410,18506
202402,전북,58678,1531862,11594
202402,제주,34328,1187880,4420
202402,충남,75224,1941586,15358
202402,충북,53854,1478316,12662
202403,강원,50542,1344734,10786
202403,경기,361592,10970312,61306
202403,경남,94696,3193326,21966
202403,경북,86710,2325784,21374
202403,광주,34294,1223122,8056
202403,대구,54256,2130064,10324
202403,대전,34186,1239742,7636
202403,부산,72730,2597680,24620
202403,서울,179774,5550772,22908
202403,세종,8212,354688,1690
202403,울산,25776,1023182,7346
202403,인천,78734,2971340,18670
202403,전남,72792,1905198,18566
202403,전북,58494,1534358,11636
202403,제주,34260,1190288,4472
202403,충남,75084,1948316,15412
202403,충북,53728,1481868,12746
202404,강원,50294,1346100,10890
202404,경기,358788,10987176,61584
202404,경남,94202,3196990,22058
202404,경북,86246,2328534,21392
202404,광주,34052,1223250,8046
202404,대구,53832,2128670,10404
202404,대전,33898,1241788,7664
202404,부산,72386,2603696,24618
202404,서울,179002,5550108,22878
202404,세종,8200,354862,1708
202404,울산,25664,1024554,7390
202404,인천,78202,2974996,18710
202404,전남,72702,1910518,18538
202404,전북,58020,1534912,11696
202404,제주,34186,1194306,4476
202404,충남,74614,1953482,15498
202404,충북,53502,1484242,12798
202405,강원,50068,1347828,10930
202405,경기,356846,11007274,61868
202405,경남,93876,3201448,22094
202405,경북,85844,2331346,21466
202405,광주,33800,1224794,8094
202405,대구,53522,2128912,10406
202405,대전,33736,1244586,7740
202405,부산,72114,2610504,24634
202405,서울,178140,5551342,22958
202405,세종,8170,355412,1732
202405,울산,25622,1025914,7398
202405,인천,77976,2982662,18790
202405,전남,72560,1914966,18566
202405,전북,57664,1536300,11754
202405,제주,34112,1194306,4484
202405,충남,74230,1957998,15548
202405,충북,53108,1485734,12830
202406,강원,49956,1349914,10948
202406,경기,355716,11031970,62068
202406,경남,93586,3209046,22160
202406,경북,85724,2334992,21496
202406,광주,33734,1226844,8138
202406,대구,53406,2132270,10466
202406,대전,33696,1248764,7742
202406,부산,71874,2617644,24692
202406,서울,177240,5554842,23056
202406,세종,8168,356120,1744
202406,울산,25530,1027292,7426
202406,인천,77826,2985880,18836
202406,전남,72386,1918058,18642
202406,전북,57498,1538276,11796
202406,제주,34048,1197576,4542
202406,충남,74192,1961838,15682
202406,충북,52968,1488218,12848
202407,강원,49760,1351710,10990
202407,경기,354582,11052828,62412
202407,경남,93226,3216692,22218
202407,경북,85632,2338414,21640
202407,광주,33646,1228002,8156
202407,대구,53292,2132476,10454
202407,대전,33568,1250222,7766
202407,부산,71750,2623058,24742
202407,서울,175716,5553852,23122
202407,세종,8160,356766,1742
202407,울산,25438,1028822,7452
202407,인천,77590,2989142,18924
202407,전남,72134,1922656,18714
202407,전북,57390,1540064,11838
202407,제주,33954,1200178,4648
202407,충남,73908,1965568,15792
202407,충북,52950,1490388,12924
202408,강원,49604,1352358,11008
202408,경기,353498,11062278,62570
202408,경남,92886,3221516,22292
202408,경북,85504,2339904,21732
202408,광주,33542,1228100,8154
202408,대구,53172,2131766,10468
202408,대전,33424,1251354,7790
202408,부산,71572,2627868,24802
202408,서울,174772,5551006,23176
202408,세종,8250,357324,1744
202408,울산,25438,1029674,7452
202408,인천,77114,2987654,18968
202408,전남,71670,1925614,18754
202408,전북,57202,1540880,11916
202408,제주,33888,1199848,4756
202408,충남,73610,1968210,15864
202408,충북,52868,1491308,12956
202409,강원,49452,1354076,11032
202409,경기,352486,11080484,62788
202409,경남,92622,3228956,22352
202409,경북,85270,2342790,21782
202409,광주,33498,1229506,8168
202409,대구,53012,2132704,10568
202409,대전,33378,1253234,7820
202409,부산,71432,2636044,24844
202409,서울,173748,5552474,23236
202409,세종,8246,357868,1792
202409,울산,25406,1031072,7480
202409,인천,76998,2991068,18938
202409,전남,71494,1933414,18770
202409,전북,56968,1542512,11978
202409,제주,33774,1201748,4814
202409,충남,73490,1972686,15864
202409,충북,52674,1493048,13018
202410,강원,49298,1355594,11034
202410,경기,350996,11103246,62990
202410,경남,92378,3237318,22418
202410,경북,85026,2345132,21844
202410,광주,33318,1230598,8210
202410,대구,52936,2134094,10588
202410,대전,33306,1255928,7824
202410,부산,71304,2641444,24912
202410,서울,172610,5547282,23130
202410,세종,8250,358634,1806
202410,울산,25316,1032476,7512
202410,인천,77234,2997912,18914
202410,전남,71102,1940330,18848
202410,전북,56874,1544314,11968
202410,제주,33654,1204012,4948
202410,충남,73314,1976410,15964
202410,충북,52508,1495542,13142
202411,강원,49086,1356714,11010
202411,경기,350104,11134534,63082
202411,경남,92132,3245610,22492
202411,경북,84818,2348656,21926
202411,광주,33204,1232624,8304
202411,대구,52872,2138756,10616
202411,대전,33218,1259798,7842
202411,부산,71040,2648020,24974
202411,서울,171844,5548894,23180
202411,세종,8212,359434,1790
202411,울산,25296,1033996,7540
202411,인천,77202,3002312,18974
202411,전남,70908,1945450,18874
202411,전북,56720,1546678,12016
202411,제주,33618,1207604,5068
202411,충남,73206,1980956,16108
202411,충북,52474,1498672,13140
202412,강원,48878,1357808,11056
202412,경기,349452,11161760,63264
202412,경남,91834,3250756,22570
202412,경북,84690,2349292,21988
202412,광주,33152,1234132,8274
202412,대구,52698,2140172,10668
202412,대전,33122,1261130,7860
202412,부산,70932,2654544,24930
202412,서울,171058,5549610,23198
202412,세종,8114,359974,1798
202412,울산,25200,1034956,7576
202412,인천,76890,2997846,18990
202412,전남,70684,1950560,18968
202412,전북,56628,1547838,12094
202412,제주,33622,1208614,5082
202412,충남,73042,1983078,16240
202412,충북,52336,1500170,13224
202501,강원,48784,1359900,11118
202501,경기,348606,11177458,63340
202501,경남,91706,3257030,22664
202501,경북,84482,2352736,22022
202501,광주,33128,1235078,8274
202501,대구,52610,2140508,10728
202501,대전,33038,1264104,7862
202501,부산,70848,2669682,25002
202501,서울,170458,5550730,23298
202501,세종,8072,360686,1780
202501,울산,25174,1036780,7622
202501,인천,76516,2999160,19412
202501,전남,70408,1956120,19042
202501,전북,56596,1550086,12124
202501,제주,33364,1199160,4486
202501,충남,72926,1987386,16344
202501,충북,52302,1502292,13324
202502,강원,48546,1360864,11164
202502,경기,347262,11185350,63518
202502,경남,91310,3263428,22704
202502,경북,84386,2355784,22074
202502,광주,32954,1234362,8322
202502,대구,52412,2138964,10766
202502,대전,32854,1264822,7882
202502,부산,70396,2671858,25068
202502,서울,169552,5547972,23290
202502,세종,8056,361968,1760
202502,울산,25116,1036886,7644
202502,인천,76212,2999704,19530
202502,전남,70118,1962240,19088
202502,전북,56394,1551734,12158
202502,제주,33180,1199094,4326
202502,충남,72648,1990786,16358
202502,충북,52002,1504064,13332
202503,강원,48184,1361684,11130
202503,경기,345414,11198354,63664
202503,경남,90558,3265122,22726
202503,경북,84082,2358606,22132
202503,광주,32744,1234178,8360
202503,대구,52174,2139072,10822
202503,대전,32490,1265504,7916
202503,부산,69964,2676722,25006
202503,서울,168386,5549522,23324
202503,세종,8034,362280,1790
202503,울산,25036,1037070,7662
202503,인천,75986,3003866,19562
202503,전남,69750,1968492,19166
202503,전북,56170,1552644,12208
202503,제주,33040,1201588,4376
202503,충남,72234,1994978,16334
202503,충북,51770,1506276,13370
202504,강원,47996,1362750,11192
202504,경기,341958,11206574,63810
202504,경남,90056,3270748,22738
202504,경북,83598,2359808,22148
202504,광주,32402,1233618,8344
202504,대구,51800,2136598,10812
202504,대전,32210,1267542,7896
202504,부산,69594,2680942,25000
202504,서울,167428,5548336,23316
202504,세종,7960,362408,1768
202504,울산,24920,1038062,7712
202504,인천,75184,3006396,19532
202504,전남,69570,1976820,19188
202504,전북,55660,1552954,12256
202504,제주,32966,1204076,4372
202504,충남,71586,1997062,16332
202504,충북,51380,1506992,13416
202505,강원,47866,1363786,11252
202505,경기,340024,11226312,63990
202505,경남,89826,3278950,22726
202505,경북,83404,2361466,22172
202505,광주,32294,1234448,8392
202505,대구,51614,2136748,10844
202505,대전,32160,1271142,7888
202505,부산,69302,2685500,25032
202505,서울,166632,5546622,23328
202505,세종,7890,363142,1782
202505,울산,24860,1038488,7722
202505,인천,74770,3006444,19434
202505,전남,69436,1984370,19170
202505,전북,55362,1553082,12332
202505,제주,32876,1207396,4380
202505,충남,71202,1999992,16394
202505,충북,51188,1507012,13416
202506,강원,47638,1364458,11310
202506,경기,338844,11246440,64136
202506,경남,89428,3283558,22824
202506,경북,83260,2363326,22282
202506,광주,32172,1235694,8382
202506,대구,51382,2136318,10894
202506,대전,32020,1273460,7906
202506,부산,69062,2687840,25044
202506,서울,165730,5549254,23324
202506,세종,7878,363378,1812
202506,울산,24778,1039826,7722
202506,인천,74612,3017560,19398
202506,전남,69422,1991000,19240
202506,전북,55128,1554058,12354
202506,제주,32862,1212722,4362
202506,충남,70998,2002836,16470
202506,충북,51040,1505992,13448
202507,강원,47356,1366278,11286
202507,경기,337122,11254466,64318
202507,경남,89054,3293386,22848
202507,경북,82986,2365722,22374
202507,광주,32030,1235066,8388
202507,대구,51266,2136174,10974
202507,대전,31966,1275762,7932
202507,부산,68866,2692008,25124
202507,서울,165050,5546048,23322
202507,세종,7802,364446,1812
202507,울산,24710,1040456,7736
202507,인천,74344,3018774,19390
202507,전남,69102,1995320,19290
202507,전북,54988,1553774,12414
202507,제주,32742,1215526,4378
202507,충남,70758,2006264,16594
202507,충북,50872,1507856,13514
202508,강원,47174,1366462,11292
202508,경기,335742,11258966,64438
202508,경남,88718,3299780,22882
202508,경북,82738,2366980,22438
202508,광주,31914,1234990,8426
202508,대구,51000,2136750,11018
202508,대전,31892,1277266,7884
202508,부산,68656,2695194,25188
202508,서울,164512,5544266,23348
202508,세종,7744,365354,1796
202508,울산,24676,1040894,7742
202508,인천,73728,3019190,19290
202508,전남,68766,1997108,19290
202508,전북,54874,1553954,12456
202508,제주,32626,1216496,4394
202508,충남,70492,2009224,16648
202508,충북,50660,1509158,13544
202509,강원,47032,1368008,11312
202509,경기,334128,11269910,64676
202509,경남,88362,3310458,22920
202509,경북,82674,2369534,22450
202509,광주,31824,1236314,8432
202509,대구,50748,2133908,11078
202509,대전,31710,1279364,7900
202509,부산,68374,2701458,25282
202509,서울,163304,5543154,23368
202509,세종,7748,366172,1804
202509,울산,24580,1041622,7792
202509,인천,73520,3024574,19148
202509,전남,68430,2002030,19314
202509,전북,54620,1553772,12520
202509,제주,32674,1218092,4402
202509,충남,70298,2011694,16708
202509,충북,50404,1510788,13572
202510,강원,46862,1368786,11306
202510,경기,332856,11274826,64892
202510,경남,88032,3313272,22968
202510,경북,82594,2370494,22566
202510,광주,31718,1235556,8436
202510,대구,50572,2137002,11102
202510,대전,31560,1280430,7908
202510,부산,68116,2696568,25314
202510,서울,162478,5539186,23374
202510,세종,7738,367018,1824
202510,울산,24560,1042404,7832
202510,인천,73386,3028340,19140
202510,전남,68320,2005400,19324
202510,전북,54394,1554814,12578
202510,제주,32570,1218902,4360
202510,충남,70094,2012914,16758
202510,충북,50340,1511674,13600
202511,강원,46778,1369824,11334
202511,경기,331786,11300692,65114
202511,경남,87680,3313872,22952
202511,경북,82432,2372602,22564
202511,광주,31660,1236100,8436
202511,대구,50454,2139834,11178
202511,대전,31432,1282210,7914
202511,부산,67870,2698760,25368
202511,서울,161688,5539880,23410
202511,세종,7722,367552,1832
202511,울산,24490,1043366,7846
202511,인천,73182,3027896,19098
202511,전남,68182,2012220,19430
202511,전북,54192,1555452,12646
202511,제주,32584,1228166,4410
202511,충남,69836,2016262,16786
202511,충북,50144,1513382,13552
202512,강원,46578,1371006,11414
202512,경기,330714,11328126,64902
202512,경남,87364,3318262,22992
202512,경북,82254,2373002,22720
202512,광주,31572,1236114,8422
202512,대구,50276,2144042,11180
202512,대전,31270,1282936,7990
202512,부산,67568,2700286,25312
202512,서울,160908,5538172,23404
202512,세종,7644,366858,1818
202512,울산,24360,1043758,7886
202512,인천,72704,3024898,19138
202512,전남,68142,2027660,19548
202512,전북,54102,1556698,12728
202512,제주,32540,1229382,4366
202512,충남,69574,2019126,16930
202512,충북,50078,1516880,13678
202601,강원,46450,1372814,11536
202601,경기,329672,11349992,64992
202601,경남,87078,3326384,23032
202601,경북,82014,2375780,22802
202601,광주,31436,1236258,8486
202601,대구,50210,2145334,11210
202601,대전,31158,1285158,8002
202601,부산,67464,2701032,25286
202601,서울,160464,5539516,23426
202601,세종,7592,366150,1828
202601,울산,24264,1044586,7916
202601,인천,72406,3017236,19152
202601,전남,68074,2036374,19616
202601,전북,53962,1558520,12804
202601,제주,32602,1229420,4382
202601,충남,69324,2022326,17008
202601,충북,49936,1519872,13656
202602,강원,46418,1373546,11574
202602,경기,328630,11368412,65080
202602,경남,86852,3331562,23072
202602,경북,81824,2379806,22808
202602,광주,31354,1236762,8486
202602,대구,50024,2148636,11190
202602,대전,31102,1287080,8008
202602,부산,67290,2704058,25308
202602,서울,160054,5540376,23476
202602,세종,7592,366908,2118
202602,울산,24250,1044886,7952
202602,인천,72258,3020914,19114
202602,전남,67838,2042798,19670
202602,전북,53822,1559776,12824
202602,제주,32564,1231296,4464
202602,충남,69102,2026246,17078
202602,충북,49818,1522788,13666
202603,강원,46084,1375234,11592
202603,경기,327716,11398544,65146
202603,경남,86352,3343136,23184
202603,경북,81424,2382916,22776
202603,광주,31268,1238580,8574
202603,대구,49828,2152940,11210
202603,대전,30962,1288744,8032
202603,부산,66934,2708730,25294
202603,서울,158778,5540424,23506
202603,세종,7510,367340,2130
202603,울산,24168,1045668,7940
202603,인천,71966,3021590,19192
202603,전남,67554,2046938,19630
202603,전북,53600,1563776,12856
202603,제주,32522,1234094,4468
202603,충남,68836,2031398,17092
202603,충북,49588,1525788,13720
202604,강원,45840,1377472,11624
202604,경기,324996,11411054,65326
202604,경남,85952,3351736,23200
202604,경북,80926,2384090,22856
202604,광주,31016,1239120,8464
202604,대구,49530,2156276,11242
202604,대전,30762,1289976,8030
202604,부산,66638,2714774,25318
202604,서울,158134,5540932,23514
202604,세종,7436,367708,2136
202604,울산,24110,1047046,7958
202604,인천,71618,3027248,19230
202604,전남,67452,2056538,19670
202604,전북,53246,1564810,12876
202604,제주,32410,1239238,4448
202604,충남,68416,2033844,17186
202604,충북,49424,1528826,13700
202605,강원,45712,1378428,11618
202605,경기,323490,11419656,65408
202605,경남,85576,3354702,23320
202605,경북,80674,2385672,22812
202605,광주,30926,1238470,8574
202605,대구,49262,2159046,11278
202605,대전,30670,1290968,8028
202605,부산,66404,2715592,25352
202605,서울,157290,5539776,23522
202605,세종,7388,367952,2130
202605,울산,24078,1046192,7974
202605,인천,71312,3031298,19170
202605,전남,67270,2059708,19688
202605,전북,52988,1564358,12882
202605,제주,32306,1239818,4474
202605,충남,68142,2036246,17196
202605,충북,49252,1531226,13786
202606,강원,45574,1380120,11676
202606,경기,322274,11447800,65504
202606,경남,85194,3362682,23392
202606,경북,80448,2388710,22912
202606,광주,30734,1238660,8576
202606,대구,49116,2161150,11306
202606,대전,30546,1291904,8040
202606,부산,66184,2719634,25348
202606,서울,156428,5540496,23516
202606,세종,7300,368442,2116
202606,울산,23960,1047096,8008
202606,인천,71260,3034966,19234
202606,전남,67074,2065924,19730
202606,전북,52778,1566732,12948
202606,제주,32320,1242064,4488
202606,충남,67972,2040626,17264
202606,충북,48948,1534638,13788
202607,강원,45466,1381370,11706
202607,경기,321302,11465358,65642
202607,경남,84870,3366506,23402
202607,경북,80346,2390910,22910
202607,대구,48934,2163008,11350
202607,대전,30398,1293662,8060
202607,부산,66070,2723048,25320
202607,서울,155814,5536974,23524
202607,세종,7348,368764,2116
202607,울산,23848,1047622,8060
202607,인천,71164,3027542,19336
202607,전남광주,97558,3317304,28310
202607,전북,52584,1567852,12984
202607,제주,32288,1241580,4492
202607,충남,67876,2043570,17308
202607,충북,48814,1535886,13874
202608,강원,45252,1381176,11728
202608,경기,319440,11464810,65746
202608,경남,84566,3367382,23492
202608,경북,80096,2392186,22880
202608,대구,48776,2159942,11390
202608,대전,30284,1293746,8078
202608,부산,65878,2720902,25352
202608,서울,155136,5534988,23500
202608,세종,7302,368206,2134
202608,울산,23828,1046698,8096
202608,인천,71062,3032632,19300
202608,전남광주,97148,3317316,28342
202608,전북,52352,1567708,13036
202608,제주,32288,1242160,4498
202608,충남,67736,2044344,17324
202608,충북,48620,1535976,13928
