Pclass,Gender,Age_step,SibSp,Parch,Fare,Embarked,Survived
3,male,2,1,0,7.25,S,0
1,female,3,1,0,66.34379999999999,C,1
3,female,2,0,0,7.925,S,1
1,female,3,1,0,53.1,S,1
3,male,3,0,0,8.05,S,0
3,male,2,0,0,8.4583,Q,0
1,male,5,0,0,51.8625,S,0
3,male,0,3,1,21.075,S,0
3,female,2,0,2,11.1333,S,1
2,female,1,1,0,30.0708,C,1
3,female,0,1,1,16.7,S,1
1,female,5,0,0,26.55,S,1
3,male,1,0,0,8.05,S,0
3,male,3,1,5,31.275,S,0
3,female,1,0,0,7.8542,S,0
2,female,5,0,0,16.0,S,1
3,male,0,4,1,29.125,Q,0
2,male,2,0,0,13.0,S,1
3,female,3,1,0,18.0,S,0
3,female,2,0,0,7.225,C,1
2,male,3,0,0,26.0,S,0
2,male,3,0,0,13.0,S,1
3,female,1,0,0,8.0292,Q,1
1,male,2,0,0,35.5,S,1
3,female,0,3,1,21.075,S,0
3,female,3,1,5,31.3875,S,1
3,male,2,0,0,7.225,C,0
1,male,1,3,2,66.34379999999999,S,0
3,female,2,0,0,7.8792,Q,1
3,male,2,0,0,7.8958,S,0
1,male,3,0,0,27.7208,C,0
1,female,2,1,0,66.34379999999999,C,1
3,female,2,0,0,7.75,Q,1
2,male,6,0,0,10.5,S,0
1,male,2,1,0,66.34379999999999,C,0
1,male,4,1,0,52.0,S,0
3,male,2,0,0,7.2292,C,1
3,male,2,0,0,8.05,S,0
3,female,1,2,0,18.0,S,0
3,female,1,1,0,11.2417,C,1
3,female,3,1,0,9.475,S,0
2,female,2,1,0,21.0,S,0
3,male,2,0,0,7.8958,C,0
2,female,0,1,2,41.5792,C,1
3,female,1,0,0,7.8792,Q,1
3,male,2,0,0,8.05,S,0
3,male,2,1,0,15.5,Q,0
3,female,2,0,0,7.75,Q,1
3,male,2,2,0,21.6792,C,0
3,female,1,1,0,17.8,S,0
3,male,0,4,1,39.6875,S,0
3,male,2,0,0,7.8,S,0
1,female,4,1,0,66.34379999999999,C,1
2,female,2,1,0,26.0,S,1
1,male,6,0,1,61.9792,C,0
1,male,2,0,0,35.5,S,1
2,female,2,0,0,10.5,S,1
3,male,2,0,0,7.2292,C,0
2,female,0,1,2,27.75,S,1
3,male,1,5,2,46.9,S,0
3,male,2,0,0,7.2292,C,0
1,female,3,0,0,66.34379999999999,S,1
1,male,4,1,0,66.34379999999999,S,0
3,male,0,3,2,27.9,S,0
1,male,2,0,0,27.7208,C,0
3,male,2,1,1,15.2458,C,1
2,female,2,0,0,10.5,S,1
3,male,1,0,0,8.1583,S,0
3,female,1,4,2,7.925,S,1
3,male,2,2,0,8.6625,S,0
2,male,3,0,0,10.5,S,0
3,female,1,5,2,46.9,S,0
2,male,2,0,0,66.34379999999999,S,0
3,male,2,1,0,14.4542,C,0
3,male,3,0,0,56.4958,S,1
3,male,2,0,0,7.65,S,0
3,male,2,0,0,7.8958,S,0
3,male,2,0,0,8.05,S,0
2,male,0,0,2,29.0,S,1
3,female,2,0,0,12.475,S,1
3,male,2,0,0,9.0,S,0
3,male,2,0,0,9.5,S,1
3,female,2,0,0,7.7875,Q,1
1,male,2,0,0,47.1,S,0
2,female,1,0,0,10.5,S,1
3,female,3,3,0,15.85,S,1
3,male,1,1,3,34.375,S,0
3,male,2,0,0,8.05,S,0
1,female,2,3,2,66.34379999999999,S,1
3,male,2,0,0,8.05,S,0
3,male,2,0,0,8.05,S,0
3,male,1,0,0,7.8542,S,0
1,male,4,1,0,61.175,S,0
3,male,2,1,2,20.575,S,0
3,male,5,0,0,7.25,S,0
3,male,2,0,0,8.05,S,0
1,male,7,0,0,34.6542,C,0
1,male,2,0,1,63.3583,C,1
2,female,3,0,1,23.0,S,1
2,male,3,1,0,26.0,S,0
3,female,2,0,0,7.8958,S,0
3,male,2,0,0,7.8958,S,0
1,male,2,0,1,66.34379999999999,S,0
3,male,3,0,0,8.6542,S,0
3,male,3,2,0,7.925,S,0
3,male,2,0,0,7.8958,S,0
3,female,2,0,0,7.65,S,1
3,male,2,0,0,7.775,S,1
3,male,3,0,0,7.8958,S,0
3,female,2,1,0,24.15,Q,1
1,male,4,0,0,52.0,S,0
3,female,1,1,0,14.4542,C,0
3,male,2,0,0,8.05,S,0
3,female,1,1,0,9.825,S,0
3,female,1,0,0,14.4583,C,0
3,male,2,0,0,7.925,S,0
3,male,7,0,0,7.75,Q,0
2,male,2,1,0,21.0,S,0
1,male,2,0,1,66.34379999999999,C,0
3,female,0,4,2,31.275,S,0
2,male,2,2,0,66.34379999999999,S,0
3,male,2,0,0,8.05,S,0
2,male,3,1,0,30.0708,C,0
2,female,3,0,0,13.0,S,1
1,male,5,0,1,66.34379999999999,S,0
3,male,1,1,0,11.2417,C,1
3,male,2,0,0,7.75,Q,0
3,male,2,0,0,7.1417,S,1
3,female,2,1,1,22.3583,C,1
3,male,4,0,0,6.975,S,0
3,male,3,0,0,7.8958,C,0
3,male,1,0,0,7.05,S,0
3,female,4,1,0,14.5,S,0
2,female,2,1,0,26.0,S,1
2,male,2,0,0,13.0,S,0
2,male,2,0,0,15.0458,C,0
1,female,1,0,2,26.2833,S,1
1,male,3,1,0,53.1,S,0
3,male,1,0,0,9.2167,S,0
1,male,2,0,0,66.34379999999999,C,0
3,female,2,0,2,15.2458,C,0
3,female,2,0,0,7.75,S,1
3,female,2,1,0,15.85,S,1
3,male,1,0,0,6.75,Q,0
2,male,1,0,0,11.5,S,0
2,male,1,1,1,36.75,S,0
3,male,2,0,0,7.7958,S,1
3,female,0,2,2,34.375,S,0
2,male,3,0,2,26.0,S,0
2,male,4,0,0,13.0,S,0
2,male,5,0,0,12.525,S,0
1,female,2,1,0,66.34379999999999,S,1
3,male,5,0,0,8.05,S,0
3,male,4,0,2,14.5,S,0
3,male,2,0,0,7.3125,S,0
1,male,5,0,1,61.3792,C,0
3,female,1,0,0,7.7333,Q,1
3,male,2,0,0,8.05,S,0
3,male,2,0,0,8.6625,S,0
3,male,2,8,2,66.34379999999999,S,0
3,male,4,0,1,16.1,S,0
2,female,3,0,0,15.75,S,1
3,male,2,0,0,7.775,S,0
3,male,1,0,0,8.6625,S,0
3,male,0,4,1,39.6875,S,0
3,male,0,0,2,20.525,S,1
1,female,2,0,1,55.0,S,1
3,female,4,1,4,27.9,S,0
1,male,2,0,0,25.925,S,0
3,male,2,0,0,56.4958,S,0
1,male,6,0,0,33.5,S,0
3,male,0,4,1,29.125,Q,0
3,female,0,1,1,11.1333,S,1
3,male,2,0,0,7.925,S,0
1,male,5,0,0,30.6958,C,0
3,male,1,1,1,7.8542,S,0
3,male,2,3,1,25.4667,S,0
1,female,4,0,0,28.7125,C,0
2,male,2,0,0,13.0,S,0
3,male,3,0,0,0.0,S,0
3,female,2,8,2,66.34379999999999,S,0
2,male,2,0,0,15.05,C,0
3,male,0,4,2,31.3875,S,0
2,male,0,2,1,39.0,S,1
3,female,0,0,2,22.025,S,1
1,male,2,0,0,50.0,S,0
3,female,2,1,0,15.5,Q,1
1,male,4,0,0,26.55,S,1
3,male,3,1,1,15.5,Q,0
3,male,3,0,0,7.8958,S,0
2,female,3,0,0,13.0,S,1
2,male,1,0,0,13.0,S,0
3,female,1,1,0,7.8542,S,1
2,male,0,1,1,26.0,S,1
1,female,4,0,0,27.7208,C,1
1,female,5,0,0,66.34379999999999,C,1
3,male,2,0,0,7.75,Q,0
3,male,4,0,1,8.4042,S,0
3,female,2,0,0,7.75,Q,1
2,female,2,0,0,13.0,S,0
3,male,2,0,0,9.5,S,0
3,male,2,8,2,66.34379999999999,S,0
3,male,3,0,0,6.4958,S,0
3,male,4,0,0,7.225,C,0
3,male,1,0,0,8.05,S,1
3,female,0,0,1,10.4625,S,0
3,male,3,1,0,15.85,S,0
3,male,2,0,0,18.7875,C,1
3,female,1,0,0,7.75,Q,1
1,male,3,0,0,31.0,C,1
3,male,2,0,0,7.05,S,0
2,female,3,0,0,21.0,S,1
3,male,2,0,0,7.25,S,0
2,male,2,0,0,13.0,S,0
3,male,2,1,0,7.75,Q,0
1,female,3,1,0,66.34379999999999,C,1
3,female,2,0,0,7.925,S,1
2,male,4,1,0,27.0,S,0
1,female,3,0,0,66.34379999999999,C,1
2,male,2,0,0,10.5,S,0
3,male,1,0,0,8.05,S,1
2,male,2,0,0,13.0,S,0
3,male,5,0,0,8.05,S,0
3,male,2,0,0,7.8958,S,0
1,male,3,1,0,66.34379999999999,S,1
3,male,2,0,0,9.35,S,0
2,male,1,0,0,10.5,S,1
3,male,2,0,0,7.25,S,0
2,male,1,0,0,13.0,S,0
3,female,2,3,1,25.4667,S,0
1,female,3,1,0,66.34379999999999,S,1
3,male,2,0,0,7.775,S,0
2,male,5,0,0,13.5,S,0
3,female,0,4,2,31.3875,S,1
2,male,2,0,0,10.5,S,0
3,female,2,0,0,7.55,S,0
2,male,4,1,0,26.0,S,0
2,female,0,0,2,26.25,S,1
2,male,1,0,0,10.5,S,0
2,male,3,0,0,12.275,S,0
3,female,2,1,0,14.4542,C,0
3,female,2,1,0,15.5,Q,1
2,male,2,0,0,10.5,S,0
3,male,2,0,0,7.125,S,0
3,male,2,0,0,7.225,C,0
1,male,4,2,0,66.34379999999999,Q,0
3,female,2,0,0,7.775,S,0
2,female,2,0,2,14.5,S,1
1,male,3,1,1,52.5542,S,1
2,male,5,1,0,26.0,S,0
3,male,2,0,0,7.25,S,0
3,female,2,1,1,10.4625,S,0
1,male,6,0,0,26.55,S,0
3,male,2,1,0,16.1,S,0
3,female,4,0,2,20.2125,S,0
3,female,2,0,2,15.2458,C,1
1,female,2,0,0,66.34379999999999,C,1
1,female,2,0,0,66.34379999999999,S,1
1,female,3,0,0,66.34379999999999,C,1
2,female,4,0,1,26.0,S,1
3,male,2,0,0,7.75,Q,0
3,male,0,4,2,31.3875,S,1
1,male,5,1,1,66.34379999999999,S,0
1,male,3,0,0,0.0,S,0
3,female,2,0,0,7.75,Q,0
2,male,3,0,0,10.5,S,0
3,male,1,4,1,39.6875,S,0
3,male,2,1,0,7.775,S,1
1,female,5,0,1,66.34379999999999,S,1
1,female,3,0,0,66.34379999999999,S,1
1,male,2,0,0,31.0,S,0
3,male,2,0,0,0.0,S,1
2,female,4,0,1,19.5,S,1
1,male,3,0,1,29.7,C,0
3,female,2,0,0,7.75,Q,1
1,female,6,1,0,66.34379999999999,S,1
3,female,4,0,0,7.75,S,0
2,male,2,0,0,0.0,S,0
3,male,0,4,1,29.125,Q,0
3,female,3,1,1,20.25,S,1
3,male,6,0,0,7.75,Q,0
3,male,2,0,0,7.8542,S,0
3,male,1,0,0,9.5,S,0
3,male,1,0,0,8.05,S,1
1,male,2,0,0,26.0,S,0
3,male,3,0,0,8.6625,C,0
3,male,2,0,0,9.5,S,1
3,male,2,0,0,7.8958,S,0
2,male,4,0,0,13.0,S,1
3,female,2,0,0,7.75,Q,1
1,female,2,0,0,66.34379999999999,S,1
1,female,1,1,0,66.34379999999999,C,1
2,male,3,0,0,12.875,C,0
3,female,2,0,0,8.85,S,0
3,male,2,0,0,7.8958,S,0
1,male,2,0,0,27.7208,C,0
3,male,2,0,0,7.2292,C,0
1,female,0,1,2,66.34379999999999,S,0
1,male,2,0,0,30.5,S,1
1,female,4,0,1,66.34379999999999,C,1
3,female,2,0,0,7.75,Q,1
3,male,2,2,0,23.25,Q,1
3,male,1,0,0,0.0,S,0
2,female,2,0,0,12.35,Q,1
3,male,2,0,0,8.05,S,0
1,male,0,1,2,66.34379999999999,S,1
1,female,2,0,0,66.34379999999999,C,1
1,female,1,1,0,66.34379999999999,C,1
2,male,2,1,0,24.0,C,0
1,female,2,0,0,56.9292,C,1
1,female,2,0,0,66.34379999999999,C,1
1,female,1,2,2,66.34379999999999,C,1
2,female,2,1,1,26.0,S,0
3,male,2,0,0,7.8958,S,0
2,male,4,1,1,26.25,S,0
3,female,2,0,0,7.8542,S,1
2,female,2,1,0,26.0,S,1
2,male,5,0,0,14.0,S,0
1,female,3,0,2,66.34379999999999,S,1
1,female,3,1,1,66.34379999999999,C,1
3,male,2,0,0,7.25,S,0
3,male,2,0,0,7.8958,S,0
2,female,2,0,0,12.35,Q,1
2,female,2,1,1,29.0,S,1
3,male,2,8,2,66.34379999999999,S,0
1,female,3,0,0,66.34379999999999,C,1
3,male,6,0,0,6.2375,S,0
2,female,3,0,0,13.0,S,1
3,female,3,1,1,20.525,S,1
1,female,1,0,1,57.9792,C,1
3,female,2,2,0,23.25,Q,1
1,male,4,0,0,28.5,S,0
1,male,3,0,1,66.34379999999999,S,0
3,male,1,2,0,18.0,S,0
1,female,2,1,0,66.34379999999999,S,1
3,male,2,0,0,7.8958,S,0
1,male,2,1,0,66.34379999999999,S,0
1,female,4,0,0,66.34379999999999,C,1
3,male,4,0,0,8.05,S,1
1,male,4,0,0,35.5,S,0
2,male,0,1,1,26.0,S,1
1,female,2,3,2,66.34379999999999,S,1
2,male,2,0,0,13.0,S,0
2,male,2,0,0,13.0,S,0
2,male,3,0,0,13.0,S,0
2,female,2,0,0,13.0,S,1
2,female,3,0,0,13.0,S,1
3,female,2,1,0,16.1,S,1
3,male,0,1,1,15.9,S,1
3,male,4,0,0,8.6625,S,0
3,male,2,0,0,9.225,S,0
1,male,2,0,0,35.0,S,0
3,male,1,1,1,7.2292,C,0
3,male,2,1,0,17.8,S,0
3,male,2,0,0,7.225,C,0
3,male,2,0,0,9.5,S,0
1,female,2,0,1,55.0,S,1
2,female,3,0,0,13.0,S,0
3,female,2,0,0,7.8792,Q,1
3,female,2,0,0,7.8792,Q,1
3,male,3,1,4,27.9,S,0
2,male,2,1,0,27.7208,C,0
3,female,4,0,1,14.4542,C,0
3,male,3,0,0,7.05,S,0
3,male,2,1,0,15.5,Q,0
3,male,2,0,0,7.25,S,0
1,female,5,1,0,66.34379999999999,C,1
3,female,2,0,0,7.2292,C,1
3,female,2,0,0,7.75,Q,1
1,female,2,0,0,66.34379999999999,C,1
1,male,2,1,0,55.4417,C,1
3,male,1,1,0,6.4958,S,0
3,male,1,0,0,8.05,S,0
1,male,2,0,0,66.34379999999999,C,0
3,female,0,3,1,21.075,S,0
1,female,2,1,0,66.34379999999999,C,1
3,female,2,0,0,7.25,S,1
1,male,2,0,2,66.34379999999999,C,0
3,male,1,0,0,4.0125,C,0
3,male,1,0,0,7.775,S,0
1,female,4,0,0,66.34379999999999,C,1
3,female,0,0,2,15.7417,C,1
3,male,3,0,0,7.925,S,0
1,female,3,1,0,52.0,S,1
3,male,2,0,0,7.8958,S,0
2,male,1,0,0,66.34379999999999,S,0
3,male,0,5,2,46.9,S,0
2,female,3,0,0,13.0,S,1
3,male,2,0,0,7.7292,Q,0
2,female,1,0,0,12.0,C,1
1,male,3,1,2,66.34379999999999,S,1
3,male,2,0,0,7.7958,S,1
3,male,2,2,0,7.925,S,0
1,female,2,1,0,66.34379999999999,C,1
3,female,2,0,2,16.7,S,1
3,male,2,0,0,7.7958,S,0
3,female,3,0,0,7.8542,S,0
2,male,4,0,0,26.0,S,0
2,male,2,0,0,10.5,S,0
2,female,2,0,0,12.65,S,1
3,male,3,0,0,7.925,S,1
3,male,2,0,0,8.05,S,0
3,female,2,1,0,9.825,S,0
3,male,2,1,0,15.85,S,0
3,female,1,0,0,8.6625,S,0
2,male,3,1,0,21.0,S,0
3,male,5,0,0,7.75,S,0
2,male,0,1,1,18.75,S,1
3,male,2,0,0,7.775,S,0
3,female,2,3,1,25.4667,S,0
3,male,2,0,0,7.8958,S,0
3,male,2,0,0,6.8583,Q,0
1,female,3,1,0,66.34379999999999,Q,1
2,male,2,0,0,0.0,S,0
3,male,4,0,0,7.925,S,1
3,female,2,0,0,8.05,S,0
2,female,3,1,1,32.5,S,1
2,female,1,0,2,13.0,S,1
2,male,2,0,0,13.0,S,0
3,female,0,0,2,24.15,S,0
3,male,2,0,0,7.8958,C,0
3,male,2,0,0,7.7333,Q,0
3,male,2,0,0,7.875,S,0
3,female,2,1,1,14.4,S,0
3,male,1,1,1,20.2125,S,0
3,male,2,0,0,7.25,S,0
2,female,2,1,0,26.0,S,1
2,female,1,0,0,26.0,S,1
3,male,2,0,0,7.75,Q,0
3,male,3,0,0,8.05,S,1
1,male,2,0,0,26.55,S,1
3,female,2,1,0,16.1,S,1
2,female,4,1,0,26.0,S,1
3,male,1,0,0,7.125,S,0
1,male,4,1,0,55.9,S,0
1,female,1,1,2,66.34379999999999,S,1
3,female,2,2,2,34.375,S,0
2,female,2,2,3,18.75,S,1
1,male,6,1,4,66.34379999999999,S,0
2,male,3,0,0,10.5,S,0
2,female,4,1,1,26.25,S,1
3,male,1,0,0,9.5,S,0
3,male,2,1,0,7.775,S,0
2,female,2,0,0,13.0,S,1
3,male,2,0,0,8.1125,S,1
1,male,0,0,2,66.34379999999999,S,1
2,female,1,0,1,19.5,S,1
1,male,3,0,0,26.55,S,1
3,female,0,2,1,19.2583,C,1
1,male,5,0,0,30.5,S,1
2,male,3,1,2,27.75,S,0
3,male,2,1,0,19.9667,S,0
1,male,2,0,0,27.75,C,0
1,male,4,1,0,66.34379999999999,C,1
3,male,2,0,0,8.05,S,0
3,male,2,0,0,7.8958,C,1
1,male,6,0,0,26.55,S,0
1,female,2,1,0,51.8625,S,1
2,female,4,0,0,10.5,S,1
3,male,2,0,0,7.75,Q,0
1,male,4,0,0,26.55,S,1
3,male,3,0,0,8.05,S,0
1,male,4,0,0,38.5,S,0
2,male,4,0,0,13.0,S,0
3,male,2,0,0,8.05,S,0
3,male,3,0,0,7.05,S,0
2,male,2,0,0,0.0,S,0
1,male,5,0,0,26.55,S,0
3,male,2,0,0,7.725,Q,0
3,female,0,2,1,19.2583,C,1
3,male,2,0,0,7.25,S,0
3,male,3,0,0,8.6625,S,0
2,female,3,1,2,27.75,S,1
2,female,2,0,0,13.7917,C,1
3,female,2,0,0,9.8375,S,0
1,male,2,0,0,52.0,S,0
2,male,3,1,0,21.0,S,0
3,male,2,1,0,7.0458,S,0
3,male,2,0,0,7.5208,S,0
3,female,0,0,1,12.2875,S,1
3,male,0,5,2,46.9,S,0
2,male,2,0,0,0.0,S,0
3,male,4,0,0,8.05,S,0
3,female,6,0,0,9.5875,S,1
1,male,2,1,0,66.34379999999999,C,1
3,female,2,3,1,25.4667,S,0
1,female,3,1,0,66.34379999999999,S,1
1,male,5,0,0,29.7,C,0
3,male,2,0,0,8.05,S,0
3,male,0,1,1,15.9,S,1
3,male,2,1,0,19.9667,S,0
3,male,2,0,0,7.25,S,0
1,male,5,0,0,30.5,S,0
1,male,7,0,0,49.5042,C,0
3,male,2,0,0,8.05,S,0
3,male,2,0,0,14.4583,C,0
1,female,5,1,0,66.34379999999999,C,1
3,male,2,0,0,15.1,S,0
1,female,2,1,2,66.34379999999999,S,0
3,male,2,0,0,7.7958,S,0
3,male,1,0,0,8.6625,S,0
3,female,2,0,0,7.75,Q,0
3,female,2,0,0,7.6292,Q,0
3,female,3,0,0,9.5875,S,0
1,female,1,0,0,66.34379999999999,S,1
1,male,1,1,0,66.34379999999999,C,0
2,female,3,0,2,26.0,S,1
1,male,2,0,0,26.55,S,1
3,male,2,0,0,22.525,S,0
3,male,2,0,0,56.4958,S,1
3,male,2,0,0,7.75,Q,1
3,male,2,0,0,8.05,S,0
1,male,3,0,0,26.2875,S,1
1,female,5,1,0,59.4,C,1
3,male,2,0,0,7.4958,S,0
1,male,4,0,0,34.0208,S,0
2,female,3,0,0,10.5,S,1
3,male,2,0,0,24.15,Q,0
2,female,3,1,0,26.0,S,1
3,male,3,0,0,7.8958,S,0
1,female,2,0,0,66.34379999999999,S,1
3,male,2,0,0,7.8958,S,0
3,male,2,0,0,7.225,C,0
1,female,4,0,1,57.9792,C,1
3,male,2,0,0,7.2292,C,0
3,male,4,0,0,7.75,Q,0
2,female,4,0,0,10.5,S,1
1,male,2,0,0,66.34379999999999,S,0
3,male,3,0,0,7.925,S,0
2,male,2,2,1,11.5,S,0
2,female,0,1,1,26.0,S,1
3,male,2,0,0,7.2292,C,0
3,male,1,1,1,7.2292,C,0
3,female,2,0,2,22.3583,C,1
3,female,2,0,0,8.6625,S,0
2,female,0,0,2,26.25,S,1
1,male,4,0,0,26.55,S,0
1,female,2,0,0,66.34379999999999,C,1
3,male,2,0,0,14.5,S,0
1,female,2,0,2,49.5,C,1
1,female,3,0,2,66.34379999999999,S,1
3,female,0,4,2,31.275,S,0
3,female,1,4,2,31.275,S,0
2,male,3,1,0,26.0,S,1
1,male,4,1,0,66.34379999999999,C,0
1,male,6,0,0,26.0,S,0
2,female,1,1,0,26.0,S,1
2,male,2,0,0,13.8625,C,1
3,male,3,1,1,20.525,S,0
2,male,0,1,1,36.75,S,1
1,male,1,0,2,66.34379999999999,C,1
2,male,2,0,0,26.0,S,0
3,male,2,0,0,7.8292,Q,0
3,male,2,0,0,7.225,C,1
3,female,2,0,0,7.775,S,1
1,male,6,0,0,26.55,S,0
1,female,4,1,0,39.6,C,1
1,male,2,0,0,66.34379999999999,C,0
1,female,3,1,1,66.34379999999999,S,1
3,female,3,1,0,17.4,S,1
3,male,2,0,0,7.75,Q,0
3,male,3,0,0,7.8958,S,0
2,male,2,0,0,13.5,S,0
3,male,2,0,0,8.05,S,0
3,female,2,0,0,8.05,S,0
3,male,2,2,0,24.15,S,0
3,male,1,0,0,7.8958,S,0
3,female,2,0,4,21.075,S,0
3,male,2,0,0,7.2292,C,0
3,male,3,0,0,7.8542,S,1
2,male,6,0,0,10.5,S,1
1,female,5,2,0,51.4792,S,1
1,male,3,0,0,26.3875,S,1
3,female,2,0,0,7.75,Q,1
3,male,1,0,0,8.05,S,0
3,male,1,0,0,14.5,S,0
2,female,3,0,0,13.0,S,1
1,female,3,1,0,55.9,S,1
3,female,2,1,0,14.4583,C,0
3,male,3,0,0,7.925,S,1
2,female,2,1,1,30.0,S,1
1,female,3,1,1,66.34379999999999,C,1
2,male,5,0,0,26.0,S,0
1,male,3,0,0,40.125,C,0
3,male,2,0,0,8.7125,C,0
1,female,1,0,2,66.34379999999999,S,1
2,male,4,0,0,15.0,S,0
1,male,5,1,1,66.34379999999999,C,1
3,male,2,0,0,8.05,S,0
3,male,2,0,0,8.05,S,0
3,male,3,0,0,7.125,S,0
1,female,5,1,0,66.34379999999999,C,1
3,male,4,0,0,7.25,S,0
3,female,2,0,2,7.75,Q,0
2,male,3,1,0,26.0,S,0
3,male,3,1,1,24.15,S,0
2,female,2,0,0,33.0,S,1
3,male,4,0,0,0.0,S,0
3,male,2,0,0,7.225,C,0
1,male,4,1,0,56.9292,C,1
2,female,2,2,1,27.0,S,1
3,male,2,0,0,7.8958,S,0
1,male,2,0,0,42.4,S,0
3,male,4,0,0,8.05,S,0
1,male,3,0,0,26.55,C,1
3,male,3,1,0,15.55,S,0
3,male,2,0,0,7.8958,S,0
1,male,2,0,0,30.5,S,1
2,female,2,1,2,41.5792,C,1
1,female,3,0,0,66.34379999999999,S,1
3,female,3,1,5,31.275,S,0
3,male,2,0,0,7.05,S,0
3,female,2,1,0,15.5,Q,1
3,male,2,0,0,7.75,Q,0
3,male,3,0,0,8.05,S,0
2,female,2,1,2,65.0,S,1
3,male,3,1,1,14.4,S,0
3,female,2,1,0,16.1,S,0
2,female,0,2,1,39.0,S,1
2,male,2,0,0,10.5,S,0
3,male,2,1,0,14.4542,C,0
1,male,4,1,0,52.5542,S,1
3,male,1,1,1,15.7417,C,1
3,male,2,0,0,7.8542,S,0
3,male,2,0,0,16.1,S,0
1,male,6,0,0,32.3208,S,0
2,male,5,0,0,12.35,Q,0
1,female,2,0,0,66.34379999999999,S,1
3,male,2,0,0,7.8958,S,0
3,male,2,0,0,7.7333,Q,0
1,male,7,0,0,30.0,S,1
3,male,5,0,0,7.0542,S,0
1,male,3,0,0,30.5,C,1
1,male,2,0,0,0.0,S,0
3,female,0,3,2,27.9,S,0
2,female,2,0,0,13.0,S,1
3,male,3,0,0,7.925,S,0
2,male,3,1,1,26.25,S,0
3,female,4,0,5,39.6875,S,0
3,male,2,1,0,16.1,S,0
3,male,1,0,0,7.8542,S,0
1,female,2,0,0,66.34379999999999,C,1
3,female,0,3,2,27.9,S,0
3,male,2,0,0,56.4958,S,1
3,female,0,2,1,19.2583,C,1
1,male,4,1,0,66.34379999999999,C,1
3,male,1,0,0,7.8958,S,0
1,male,5,0,0,35.5,C,1
3,male,2,0,0,7.55,S,0
3,female,2,0,0,7.55,S,1
3,male,2,0,0,7.8958,S,0
2,female,1,0,1,23.0,S,1
3,male,2,0,0,8.4333,S,0
3,female,2,0,0,7.8292,Q,1
3,female,1,0,0,6.75,Q,0
2,male,2,2,0,66.34379999999999,S,0
3,male,2,0,0,7.8958,S,0
3,female,3,1,1,15.5,Q,0
2,male,2,0,0,13.0,S,0
1,male,5,0,2,66.34379999999999,C,0
1,male,4,2,0,66.34379999999999,S,1
3,male,3,0,0,7.225,C,0
1,male,4,0,0,25.5875,S,0
3,male,3,0,0,7.4958,S,0
3,male,1,1,0,7.925,S,1
2,male,3,2,0,66.34379999999999,S,0
2,male,2,0,0,13.0,S,0
3,male,2,0,0,7.775,S,0
3,male,4,0,0,8.05,S,0
1,female,2,1,0,52.0,S,1
2,female,3,1,1,39.0,S,1
1,male,3,1,0,52.0,S,0
2,male,6,0,0,10.5,S,0
2,male,3,0,0,13.0,S,1
2,male,2,0,0,0.0,S,0
3,male,1,0,0,7.775,S,0
3,male,2,0,0,8.05,S,0
3,female,1,0,0,9.8417,S,1
3,female,4,1,6,46.9,S,0
1,male,3,0,1,66.34379999999999,C,1
3,female,2,0,0,8.1375,Q,0
1,male,2,0,0,66.34379999999999,C,1
3,male,1,0,0,9.225,S,0
3,male,1,5,2,46.9,S,0
2,male,5,1,1,39.0,S,0
2,male,2,1,2,41.5792,C,0
3,male,1,4,1,39.6875,S,0
3,male,1,0,0,10.1708,S,0
3,male,1,0,0,7.7958,S,0
1,female,1,0,1,66.34379999999999,S,1
1,male,3,1,0,57.0,S,1
3,female,0,0,1,13.4167,C,1
3,male,2,0,0,56.4958,S,1
3,male,2,0,0,7.225,C,0
1,male,5,0,0,26.55,S,0
2,male,5,0,0,13.5,S,0
3,male,4,0,0,8.05,S,0
3,female,2,0,0,7.7333,Q,1
1,male,4,1,1,66.34379999999999,C,0
3,male,4,0,0,7.65,S,0
1,female,1,1,0,66.34379999999999,C,1
1,male,3,0,0,26.2875,S,1
3,female,1,0,1,14.4542,C,0
3,male,2,0,0,7.7417,Q,0
3,male,2,1,0,7.8542,S,0
2,male,3,0,0,26.0,S,0
2,female,4,0,0,13.5,S,1
1,male,4,0,0,26.2875,S,1
1,female,2,0,0,66.34379999999999,S,1
3,male,2,1,1,15.2458,C,1
1,female,2,0,0,49.5042,C,1
1,male,2,0,0,26.55,S,0
1,male,4,1,0,52.0,S,1
3,male,2,0,0,9.4833,S,0
2,male,5,0,0,13.0,S,0
3,male,1,0,0,7.65,S,0
1,female,3,0,0,66.34379999999999,C,1
2,female,2,0,0,10.5,S,1
3,male,2,0,0,15.5,Q,0
3,male,3,0,0,7.775,S,0
2,female,0,0,1,33.0,S,1
3,male,1,1,0,7.0542,S,0
2,male,3,0,0,13.0,S,0
2,male,4,0,0,13.0,S,0
1,male,2,1,0,53.1,S,1
3,male,1,0,0,8.6625,S,0
2,female,2,3,0,21.0,S,1
3,female,2,0,0,7.7375,Q,1
2,male,2,1,0,26.0,S,0
3,female,2,1,0,7.925,S,0
1,female,2,0,0,66.34379999999999,S,1
3,male,1,0,0,18.7875,C,0
2,male,2,0,0,0.0,S,0
2,male,2,0,0,13.0,S,0
2,male,2,0,0,13.0,S,0
3,male,2,0,0,16.1,S,0
3,female,4,1,3,34.375,S,0
1,male,3,0,0,66.34379999999999,C,1
3,male,2,0,0,7.8958,S,0
3,male,2,0,0,7.8958,S,0
1,male,2,0,0,30.0,S,1
1,male,3,1,0,66.34379999999999,S,0
1,female,2,2,2,66.34379999999999,C,1
3,male,2,1,0,16.1,S,0
3,male,3,0,0,7.925,S,1
1,male,6,1,1,66.34379999999999,S,0
3,male,1,1,1,20.25,S,0
2,female,2,0,0,13.0,S,1
1,male,1,1,0,53.1,S,0
3,male,3,0,0,7.75,Q,0
2,female,0,1,1,23.0,S,1
3,male,0,0,1,12.475,S,1
3,male,3,0,0,9.5,S,0
3,male,2,0,0,7.8958,S,0
2,female,4,1,2,65.0,S,1
2,male,0,1,1,14.5,S,1
3,male,2,0,0,7.7958,S,0
2,male,1,0,0,11.5,S,0
3,male,3,0,0,8.05,S,0
1,female,3,0,0,66.34379999999999,S,1
3,male,2,0,0,14.5,S,0
3,male,4,0,0,7.125,S,0
3,male,1,0,0,7.2292,C,1
1,female,3,1,2,66.34379999999999,S,1
3,male,1,0,0,7.775,S,0
1,female,5,1,0,66.34379999999999,S,1
1,male,2,0,0,39.6,C,0
3,female,3,0,0,7.75,Q,0
3,male,2,1,0,24.15,Q,0
3,male,3,0,0,8.3625,S,0
3,male,2,0,0,9.5,S,0
3,male,4,0,0,7.8542,S,0
2,female,5,0,0,10.5,S,0
3,male,2,0,0,7.225,C,0
2,female,5,1,3,23.0,S,1
3,male,1,0,0,7.75,S,0
3,male,2,0,0,7.75,Q,0
3,female,0,0,0,12.475,S,1
3,male,2,0,0,7.7375,Q,0
1,female,4,0,1,66.34379999999999,S,1
3,female,1,0,0,7.2292,C,1
1,female,1,1,0,57.0,S,1
1,male,2,0,0,30.0,S,0
3,male,2,1,2,23.45,S,0
3,male,2,0,0,7.05,S,0
3,male,2,0,0,7.25,S,0
3,female,1,0,0,7.4958,S,1
3,male,0,4,1,29.125,Q,0
3,male,0,1,2,20.575,S,1
1,male,4,0,0,66.34379999999999,C,0
3,male,2,0,0,7.75,Q,0
2,male,1,0,0,26.0,S,0
3,female,2,8,2,66.34379999999999,S,0
1,male,2,0,0,30.6958,C,0
3,male,2,0,0,7.8958,S,0
2,male,3,0,0,13.0,S,0
1,female,4,0,0,25.9292,S,1
3,female,3,0,0,8.6833,S,1
3,male,2,0,0,7.2292,C,0
3,female,2,1,1,24.15,S,0
2,male,3,0,0,13.0,S,0
2,female,3,1,1,26.25,S,1
1,male,1,1,2,66.34379999999999,S,1
3,male,0,0,1,8.5167,C,1
3,male,2,0,0,6.975,S,1
3,male,3,0,0,7.775,S,0
1,male,3,0,0,0.0,S,0
3,female,1,0,0,7.775,S,0
2,male,3,0,0,13.0,S,0
1,female,3,1,0,53.1,S,1
3,male,2,0,0,7.8875,S,0
3,male,3,0,0,24.15,S,0
2,male,3,0,0,10.5,S,0
3,female,0,4,2,31.275,S,0
3,male,3,0,0,8.05,S,0
1,male,2,0,0,0.0,S,0
3,female,2,0,0,7.925,S,0
2,male,3,1,1,37.0042,C,0
3,male,4,0,0,6.45,S,0
3,male,0,3,2,27.9,S,0
1,female,5,1,1,66.34379999999999,S,1
3,male,2,0,0,8.6625,S,1
1,male,3,0,0,0.0,S,0
3,female,2,0,1,12.475,S,1
3,male,0,4,1,39.6875,S,0
3,male,2,0,0,6.95,Q,0
3,male,2,0,0,56.4958,S,0
2,male,0,0,2,37.0042,C,1
3,male,2,0,0,7.75,Q,1
1,female,6,0,0,66.34379999999999,S,1
3,female,1,1,0,14.4542,C,1
2,male,0,1,1,18.75,S,1
3,male,2,0,0,7.2292,C,0
3,male,2,0,0,7.8542,S,0
3,male,1,0,0,8.3,S,0
1,female,3,1,1,66.34379999999999,C,1
3,male,2,0,0,8.6625,S,0
3,male,2,0,0,8.05,S,0
3,male,3,0,0,56.4958,S,1
1,male,2,0,0,29.7,C,1
3,male,1,0,0,7.925,S,0
2,male,1,0,0,10.5,S,0
1,female,2,0,0,31.0,C,1
3,male,3,0,0,6.4375,C,0
3,male,1,0,0,8.6625,S,0
3,male,4,0,0,7.55,S,0
3,male,2,8,2,66.34379999999999,S,0
3,male,3,0,0,7.8958,C,0
2,male,2,0,1,33.0,S,0
1,female,2,1,0,66.34379999999999,C,1
3,male,0,4,2,31.275,S,0
3,male,7,0,0,7.775,S,0
3,female,0,1,1,15.2458,C,0
1,female,1,0,1,39.4,S,1
2,female,4,1,0,26.0,S,0
3,female,1,0,1,9.35,S,1
1,female,4,1,1,66.34379999999999,S,1
1,male,5,0,0,26.55,S,1
3,female,2,0,3,19.2583,C,1
3,male,2,0,0,7.2292,C,0
3,male,4,2,0,14.1083,S,0
2,male,2,1,0,11.5,S,0
1,female,4,0,0,25.9292,S,1
3,female,2,8,2,66.34379999999999,S,0
2,male,2,0,0,13.0,S,0
2,female,4,0,0,13.0,S,1
2,female,2,1,0,13.8583,C,1
1,male,3,0,0,50.4958,S,0
3,male,2,0,0,9.5,S,0
3,male,0,1,1,11.1333,S,1
3,male,2,0,0,7.8958,S,0
1,female,4,1,1,52.5542,S,1
1,male,3,0,0,5.0,S,0
3,male,4,0,0,9.0,S,0
2,female,2,1,0,24.0,C,1
3,female,1,0,0,7.225,C,1
3,male,1,0,0,9.8458,S,0
3,male,1,0,0,7.8958,S,0
3,male,2,0,0,7.8958,S,0
1,female,5,0,1,66.34379999999999,C,1
2,female,2,0,1,26.0,S,1
3,male,3,0,0,7.8958,S,0
3,female,2,0,0,10.5167,S,0
2,male,2,0,0,10.5,S,0
3,male,2,0,0,7.05,S,0
3,female,3,0,5,29.125,Q,0
2,male,2,0,0,13.0,S,0
1,female,1,0,0,30.0,S,1
3,female,2,1,2,23.45,S,0
1,male,2,0,0,30.0,C,1
3,male,3,0,0,7.75,Q,0
3,male,3,0,0,7.8292,Q,0
3,female,4,1,0,7.0,S,1
2,male,6,0,0,9.6875,Q,0
3,male,2,0,0,8.6625,S,0
3,female,2,1,1,12.2875,S,1
3,male,1,0,0,9.225,S,0
3,female,2,0,0,7.6292,Q,1
2,male,2,1,1,29.0,S,0
3,female,1,0,0,7.2292,C,1
3,male,2,2,0,24.15,S,0
3,male,2,0,0,7.8958,S,0
1,male,4,0,0,26.0,S,0
1,female,2,1,0,66.34379999999999,S,1
2,male,6,1,0,26.0,S,0
1,female,4,1,0,61.175,S,1
2,female,2,1,0,27.7208,C,1
2,male,3,0,0,12.35,Q,0
3,male,2,0,0,7.225,C,0
3,female,2,1,0,7.925,S,1
3,female,4,0,0,7.225,C,1
1,male,5,1,0,59.4,C,0
3,male,0,0,1,3.1708,S,0
1,female,2,0,0,31.6833,S,1
1,male,2,0,1,61.3792,C,0
1,female,4,1,3,66.34379999999999,C,1
3,male,4,1,0,14.5,S,0
1,female,2,0,1,61.9792,C,1
3,male,2,0,0,7.225,C,0
1,male,4,0,0,30.5,S,0
3,male,2,2,0,21.6792,C,0
2,male,4,1,0,26.0,S,0
2,male,2,2,0,31.5,S,0
3,female,3,1,2,20.575,S,1
3,female,2,1,2,23.45,S,1
1,male,2,1,0,57.75,C,0
3,male,1,0,0,7.2292,C,0
3,female,2,0,0,8.05,S,1
3,female,2,0,0,8.6625,S,1
3,male,2,0,0,9.5,S,0
3,male,2,0,0,56.4958,S,0
3,male,3,0,1,13.4167,C,0
1,male,2,0,0,26.55,S,0
3,male,4,0,0,7.85,S,0
2,female,2,0,0,13.0,S,1
1,female,4,1,0,52.5542,S,1
3,male,2,0,0,7.925,S,0
1,male,4,0,0,29.7,C,0
3,male,2,0,0,7.75,Q,0
1,female,5,0,0,66.34379999999999,C,1
3,female,3,0,2,15.9,S,1
1,male,2,1,0,60.0,S,0
2,male,2,0,0,15.0333,C,0
2,female,1,2,1,23.0,S,1
1,female,2,3,2,66.34379999999999,S,1
2,male,2,0,0,15.5792,C,0
3,male,0,4,1,29.125,Q,0
3,male,3,0,0,7.8958,S,0
3,male,2,0,0,7.65,S,0
3,male,2,1,0,16.1,S,0
1,female,3,0,0,66.34379999999999,C,1
3,male,1,0,0,7.8958,S,0
2,male,3,0,0,13.5,S,0
3,male,1,0,0,7.75,S,0
3,female,2,0,0,7.725,Q,1
1,male,1,2,2,66.34379999999999,C,0
2,female,2,0,0,21.0,S,1
3,female,1,0,0,7.8792,Q,1
1,male,4,0,0,42.4,S,0
1,male,3,0,0,28.5375,C,0
1,female,5,1,4,66.34379999999999,S,1
3,female,2,0,0,7.75,Q,1
3,male,2,0,0,7.8958,S,0
3,female,2,0,0,7.925,S,1
1,male,2,0,0,27.7208,C,0
1,female,3,0,0,66.34379999999999,C,1
1,male,3,0,0,66.34379999999999,C,0
3,male,2,0,0,8.05,S,0
1,female,5,2,0,25.7,S,1
2,male,2,0,0,13.0,S,0
3,female,2,0,0,7.75,Q,1
3,male,0,1,1,15.2458,C,0
1,male,6,1,0,66.34379999999999,S,0
1,male,4,0,0,26.0,S,0
3,male,2,0,0,7.8958,S,0
2,male,2,0,0,10.7083,Q,0
3,male,2,1,0,14.4542,C,0
3,female,2,0,0,7.8792,Q,1
3,female,1,0,0,8.05,S,1
3,female,2,0,0,7.75,Q,1
2,male,0,1,1,23.0,S,0
3,female,2,1,0,13.9,S,1
3,male,2,0,0,7.775,S,0
1,female,2,1,2,52.0,S,1
3,male,2,0,0,8.05,S,0
1,male,2,0,0,26.0,C,0
3,male,2,0,0,7.7958,S,0
1,female,7,1,0,66.34379999999999,S,1
3,male,2,0,0,7.925,S,0
3,female,1,0,0,7.8542,S,1
3,male,3,0,0,8.05,S,0
1,female,4,1,0,55.4417,C,1
2,male,2,1,0,26.0,S,0
3,male,2,0,0,7.75,Q,0
3,male,2,0,0,7.775,S,0
3,female,1,1,1,8.5167,C,1
3,male,2,0,0,22.525,S,0
3,male,2,0,0,7.8208,Q,0
3,male,2,0,0,7.75,Q,0
3,male,2,0,0,8.7125,S,0
2,male,1,0,0,13.0,S,0
2,male,4,0,0,15.0458,C,0
3,female,2,0,0,7.7792,Q,1
1,female,3,0,0,31.6792,C,1
3,female,1,0,0,7.2833,Q,1
1,female,6,1,0,66.34379999999999,S,1
3,male,1,1,0,14.4542,C,0
3,male,2,0,0,6.4375,C,0
3,female,0,1,1,16.7,S,1
1,male,3,0,0,66.34379999999999,C,0
2,female,2,1,0,26.0,S,1
2,female,1,0,0,15.75,S,1
3,male,2,1,0,7.75,Q,0
1,female,3,1,0,57.75,C,1
3,male,2,0,0,7.25,S,0
3,male,2,0,0,7.75,Q,0
3,female,1,0,1,16.1,S,1
3,male,2,0,0,7.7958,S,0
3,female,2,2,0,23.25,Q,1
2,male,4,0,0,13.0,S,0
3,male,2,0,0,8.05,S,0
3,male,3,0,0,8.05,S,0
1,male,5,0,0,28.5,C,0
3,female,2,0,4,25.4667,S,1
3,male,2,1,0,6.4375,C,0
3,male,4,0,0,7.8958,S,0
3,male,2,0,0,7.8542,S,0
3,male,2,0,0,7.225,C,0
2,male,2,0,0,13.0,S,0
3,female,2,0,0,8.05,S,1
3,male,3,1,6,46.9,S,0
3,female,0,5,2,46.9,S,1
1,female,3,0,0,66.34379999999999,S,1
1,male,6,1,3,66.34379999999999,C,0
2,male,2,0,0,26.0,S,0
1,male,4,0,0,26.55,S,0
3,male,3,3,0,18.0,S,0
1,male,2,0,0,51.8625,S,0
3,male,2,0,0,8.05,S,0
1,male,2,0,0,26.55,S,0
2,male,2,1,1,26.0,S,0
1,female,2,0,1,66.34379999999999,C,1
3,male,2,0,0,7.8958,C,0
3,male,6,0,0,0.0,S,0
3,female,3,0,2,12.1833,S,1
3,male,1,4,2,31.3875,S,0
3,male,2,0,0,7.55,S,0
1,female,2,0,0,66.34379999999999,S,1
3,female,2,0,0,7.8542,S,1
1,male,4,0,0,26.55,S,0
3,female,2,0,2,13.775,S,1
3,female,2,0,0,7.7333,Q,1
3,male,0,1,1,15.2458,C,0
2,female,2,0,0,13.5,S,1
3,male,2,0,0,7.0,S,0
2,male,4,0,0,13.0,S,0
3,female,2,1,1,22.025,S,1
1,male,4,0,0,50.4958,C,0
3,male,1,2,2,34.375,S,0
1,female,2,0,0,27.7208,C,1
3,female,2,0,0,8.9625,S,1
3,male,2,0,0,7.55,S,0
3,male,2,0,0,7.225,C,0
3,male,2,1,0,13.9,S,0
3,male,2,0,0,7.2292,C,0
3,male,3,1,5,31.3875,S,0
2,female,1,0,2,39.0,S,1
2,female,1,0,0,36.75,S,1
1,male,5,1,0,55.4417,C,0
2,female,3,0,3,39.0,S,1
1,female,6,0,2,66.34379999999999,C,1
2,male,2,0,0,13.0,S,0
1,male,3,1,1,66.34379999999999,C,0
1,female,1,1,0,53.1,S,1
3,male,2,0,0,7.75,Q,0
1,female,2,1,1,66.34379999999999,C,1
2,male,3,0,0,16.0,S,0
2,female,2,0,1,21.0,S,1
3,male,1,2,0,8.05,S,0
3,female,2,8,2,66.34379999999999,S,1
2,male,3,0,0,13.0,S,0
2,male,3,1,0,26.0,S,0
1,male,2,0,0,26.0,S,0
3,male,1,1,1,14.5,S,0
2,male,6,0,0,12.35,Q,0
2,male,0,0,2,32.5,S,0
3,male,3,0,0,7.8542,S,0
1,male,0,0,2,66.34379999999999,C,0
3,female,1,0,0,7.775,S,1
2,male,2,0,0,10.5,S,0
3,female,2,0,0,8.1125,S,1
3,female,2,0,0,15.5,Q,1
3,male,0,0,2,14.4,S,0
1,male,4,1,0,66.34379999999999,C,0
2,female,0,1,1,26.0,S,1
2,male,2,0,0,10.5,S,0
1,male,2,0,0,25.7417,C,0
3,female,3,0,0,7.75,Q,1
2,male,2,0,0,10.5,S,0
1,female,3,0,0,27.7208,C,1
3,male,2,0,0,7.8958,S,0
3,male,3,0,0,22.525,S,0
3,male,2,0,0,7.05,S,0
2,male,1,0,0,66.34379999999999,S,0
2,female,5,1,0,26.0,S,1
3,female,3,4,2,7.775,S,1
1,male,4,0,0,42.5,S,0
3,female,2,0,0,7.8792,Q,1
1,male,5,1,1,66.34379999999999,S,0
1,female,4,1,1,66.34379999999999,C,1
3,male,2,0,0,8.05,S,0
2,female,2,1,0,13.8583,C,1
3,male,2,0,0,8.05,S,0
2,female,2,0,0,10.5,S,1
3,male,2,0,0,7.7958,S,0
1,female,5,0,0,27.4458,C,1
3,female,2,0,2,15.2458,C,1
3,male,2,0,0,7.7958,S,0
3,female,2,0,0,7.75,Q,1
3,male,4,0,0,15.1,S,0
2,male,3,0,0,13.0,S,0
2,male,1,0,0,65.0,S,0
1,female,2,0,0,26.55,S,1
3,male,2,1,0,6.4958,S,0
3,male,2,0,0,7.8792,Q,0
1,male,3,1,0,66.34379999999999,C,0
3,male,1,0,0,7.8542,S,0
1,male,6,1,0,66.34379999999999,C,0
3,male,1,0,0,7.225,C,0
2,female,1,1,1,13.0,S,1
1,female,4,1,0,66.34379999999999,C,1
1,female,5,0,0,27.7208,C,1
2,female,4,0,2,30.0,S,1
1,male,4,1,1,66.34379999999999,C,0
3,male,2,0,0,7.8875,S,0
3,male,2,1,2,23.45,S,0
1,male,4,1,0,51.8625,S,0
2,female,2,0,0,21.0,S,1
2,male,4,1,1,32.5,S,0
2,female,2,1,0,26.0,S,1
3,female,2,1,0,14.4542,C,1
2,female,0,1,2,27.75,S,1
3,male,1,0,0,7.925,S,0
1,male,2,1,0,66.34379999999999,C,0
3,male,2,0,0,9.325,S,0
3,male,3,0,0,9.5,S,0
3,male,2,0,0,7.55,S,0
3,male,2,0,0,7.75,Q,0
3,male,2,0,0,8.05,S,0
2,female,1,0,0,13.0,S,1
3,male,2,0,0,7.775,S,0
3,male,3,1,0,17.4,S,0
3,male,2,0,0,7.8542,S,0
2,female,2,0,2,23.0,S,1
3,female,0,1,1,12.1833,S,1
2,male,2,0,0,12.7375,C,0
3,male,2,0,0,7.8958,S,0
1,male,2,0,0,0.0,S,0
3,male,2,0,0,7.55,S,0
3,female,2,0,0,8.05,S,1
3,male,1,0,0,8.6625,S,0
1,male,4,0,0,66.34379999999999,C,0
3,male,2,0,0,7.75,Q,0
1,female,2,1,0,66.34379999999999,C,1
3,female,2,1,0,15.5,Q,1
3,male,2,0,0,7.225,C,0
2,female,1,1,0,26.0,S,1
2,male,2,0,0,10.5,S,0
2,male,3,1,0,26.0,S,0
2,male,2,1,0,21.0,S,0
2,male,2,0,0,10.5,S,0
3,female,2,0,0,8.6625,S,1
3,male,0,1,1,13.775,S,0
3,female,2,0,0,7.75,Q,1
3,female,0,1,1,15.2458,C,1
3,female,0,1,1,20.2125,S,1
3,male,3,0,0,7.25,S,0
3,male,2,0,0,7.25,S,0
1,male,2,1,0,66.34379999999999,S,0
3,male,2,0,0,7.2292,C,0
3,male,2,0,0,8.05,S,0
1,male,2,0,0,39.6,S,0
3,female,2,0,0,6.95,Q,1
3,male,2,0,0,7.2292,C,0
1,male,5,1,1,66.34379999999999,S,0
3,male,3,0,0,9.5,S,0
3,male,2,0,0,7.8958,S,0
2,female,0,1,2,41.5792,C,1
3,male,2,2,0,21.6792,C,0
1,male,2,0,0,45.5,S,0
3,male,2,0,0,7.8542,S,0
3,male,3,0,0,7.775,S,0
2,male,2,0,0,15.0458,C,0
2,male,4,0,1,21.0,S,0
3,male,2,0,0,8.6625,S,0
3,female,2,0,0,7.75,Q,1
1,female,6,1,1,26.55,S,1
1,male,2,1,2,66.34379999999999,S,0
3,male,0,0,1,9.35,S,0
1,male,5,1,1,66.34379999999999,S,0
3,female,4,1,0,14.1083,S,1
3,male,1,0,0,8.6625,S,0
3,male,2,0,0,7.225,C,0
3,male,2,0,0,7.575,S,0
3,female,3,0,0,7.75,Q,1
1,female,5,0,0,66.34379999999999,C,1
3,female,1,0,0,7.7333,Q,1
1,male,5,1,0,66.34379999999999,C,0
2,male,1,0,0,10.5,S,0
3,male,2,0,0,7.8542,S,0
2,male,2,2,0,31.5,S,0
3,male,2,0,0,7.775,S,0
3,male,2,0,0,7.2292,C,0
2,male,2,0,0,13.0,S,0
1,male,3,0,0,26.55,S,0
1,female,3,0,0,66.34379999999999,S,1
3,male,2,0,0,7.05,S,0
2,female,1,2,1,39.0,S,1
1,male,4,0,0,66.34379999999999,C,0
2,male,2,1,0,26.0,S,0
2,male,2,0,0,13.0,S,0
2,female,4,0,2,36.75,S,1
1,male,3,0,0,29.7,C,0
3,male,2,0,0,7.225,C,0
3,female,1,1,1,15.7417,C,1
3,male,2,0,0,7.8958,S,0
1,male,2,0,0,26.0,S,0
2,male,3,0,0,13.0,S,0
3,male,3,0,2,7.2292,C,0
2,male,2,0,0,31.5,S,0
3,male,2,0,0,7.2292,C,0
2,male,1,0,0,10.5,S,0
3,male,3,0,0,7.5792,S,0
3,male,2,1,9,66.34379999999999,S,0
1,female,5,0,1,66.34379999999999,C,1
3,male,2,1,1,14.5,S,0
3,female,1,0,0,7.65,S,1
2,male,2,0,0,13.0,S,0
3,female,3,0,0,7.2292,C,1
2,male,2,0,0,13.5,S,0
2,female,3,0,0,21.0,S,1
1,female,4,0,1,63.3583,C,1
2,male,2,0,0,10.5,S,0
2,male,1,0,0,66.34379999999999,S,0
2,male,4,1,2,65.0,S,0
3,female,0,1,2,20.575,S,1
1,male,4,0,0,26.0,S,0
1,female,5,2,0,51.4792,S,1
3,male,2,0,0,7.8792,S,0
3,male,2,0,0,7.75,Q,0
3,female,2,1,0,15.55,S,1
3,male,1,8,2,66.34379999999999,S,0
2,female,2,1,1,37.0042,C,1
2,female,3,0,0,21.0,S,1
3,male,2,0,0,8.6625,S,0
1,female,2,1,0,55.4417,C,1
3,female,2,1,9,66.34379999999999,S,1
3,male,2,1,0,14.4583,C,0
3,female,2,0,0,39.6875,S,1
1,female,4,0,1,59.4,C,1
2,male,2,0,0,13.8583,C,0
2,male,2,1,0,11.5,S,0
1,female,3,0,0,66.34379999999999,C,1
1,male,4,0,0,0.0,S,0
2,male,4,0,0,13.0,S,0
1,female,5,1,1,66.34379999999999,S,1
1,female,4,0,0,66.34379999999999,C,1
3,female,2,2,0,8.6625,S,1
2,male,2,0,0,11.5,S,0
1,male,5,0,0,50.0,S,0
3,male,0,4,2,31.3875,S,0
3,male,2,0,0,7.75,Q,0
3,male,2,0,0,7.8792,Q,0
3,female,2,0,0,14.5,S,1
3,female,1,1,0,16.1,S,1
2,male,2,0,0,12.875,S,0
2,female,2,1,2,65.0,S,1
3,male,2,0,0,7.775,S,0
2,male,5,0,0,13.0,S,0
3,male,2,0,0,7.75,Q,0
3,male,0,3,1,21.075,S,0
1,male,2,0,0,66.34379999999999,S,0
1,female,5,0,1,39.4,S,1
3,male,1,0,2,20.25,S,0
2,male,4,0,0,10.5,S,0
3,male,2,3,1,22.025,S,0
1,female,1,1,0,60.0,S,1
3,male,2,0,0,7.25,Q,0
1,female,4,1,1,66.34379999999999,C,1
3,male,2,0,0,7.775,S,0
3,male,3,0,0,7.7333,Q,0
1,female,2,0,0,66.34379999999999,S,1
2,male,3,1,0,21.0,S,0
1,female,2,0,1,59.4,C,1
1,male,1,0,0,47.1,S,0
1,male,4,1,0,27.7208,C,0
2,male,1,0,0,13.8625,C,0
2,male,2,1,0,10.5,S,0
1,male,4,1,1,66.34379999999999,C,0
3,female,2,0,0,7.7208,Q,1
3,female,0,1,1,13.775,S,1
3,female,2,0,0,7.75,Q,1
1,female,3,1,0,66.34379999999999,Q,1
3,female,2,0,0,7.775,S,1
3,male,2,0,0,8.05,S,0
1,female,3,0,0,66.34379999999999,C,1
3,male,3,0,0,7.25,S,0
3,male,2,0,0,8.05,S,0
3,male,2,1,1,22.3583,C,0
